Treatment,Replicate,Collection_point,SampleID,bagid,Date,proportion_dry,mass_to_cell_extraction,Colony_count_0,Colony_count_10-1,Colony_count_10-2,Colony_count_10-3,Colony_count_10-4,Colony_count_10-5,Colony_corrected_0,Colony_corrected_10-1,Colony_corrected_10-2,Colony_corrected_10-3,Colony_corrected_10-4,Colony_corrected_10-5,E4_gate_dilution_drymass_corrected,E5_gate_dilution_drymass_corrected,E6_gate_dilution_drymass_corrected
Neg,1,1,Neg_1_01,1,1/22/2025,0.952,0.05,7,0,0,n,n,n,3676.470588,0,0,#VALUE!,#VALUE!,#VALUE!,3512605.042,2861155.462,3502494.748
Neg,2,1,Neg_2_01,2,1/22/2025,0.952,0.05,0,0,0,n,n,n,0,0,0,#VALUE!,#VALUE!,#VALUE!,791491.5966,636890.7563,798713.2353
Neg,3,1,Neg_3_01,3,1/22/2025,0.952,0.05,11,0,0,n,n,n,5777.310924,0,0,#VALUE!,#VALUE!,#VALUE!,14287289.92,13069663.87,14311843.49
Neg,4,1,Neg_4_01,4,1/22/2025,0.952,0.05,21,0,0,n,n,n,11029.41176,0,0,#VALUE!,#VALUE!,#VALUE!,8914390.756,6425756.303,5056591.387
D26,1,1,D26_1_01,5,1/22/2025,0.952,0.05,full,full,295,n,n,n,#VALUE!,#VALUE!,15493697.48,#VALUE!,#VALUE!,#VALUE!,1380777.311,1445714.286,1399553.571
D26,2,1,D26_2_01,6,1/22/2025,0.952,0.05,n,n,37,n,n,n,#VALUE!,#VALUE!,1943277.311,#VALUE!,#VALUE!,#VALUE!,378413.8655,304695.3782,414522.0588
D26,3,1,D26_3_01,7,1/22/2025,0.952,0.05,n,n,n,n,n,n,#VALUE!,#VALUE!,#VALUE!,#VALUE!,#VALUE!,#VALUE!,417699.5798,469348.7395,405856.0924
D26,4,1,D26_4_01,8,1/22/2025,0.952,0.05,n,n,536,n,n,n,#VALUE!,#VALUE!,28151260.5,#VALUE!,#VALUE!,#VALUE!,3194852.941,2682058.824,3178965.336
G58,1,1,G58_1_01,9,1/22/2025,0.952,0.05,n,n,n,n,n,n,#VALUE!,#VALUE!,#VALUE!,#VALUE!,#VALUE!,#VALUE!,42711659.66,34907899.16,43487263.66
G58,2,1,G58_2_01,10,1/22/2025,0.952,0.05,n,n,96,n,n,n,#VALUE!,#VALUE!,5042016.807,#VALUE!,#VALUE!,#VALUE!,331039.916,254432.7731,349816.1765
G58,3,1,G58_3_01,11,1/22/2025,0.952,0.05,n,n,604,n,n,n,#VALUE!,#VALUE!,31722689.08,#VALUE!,#VALUE!,#VALUE!,2594012.605,2092773.109,2595456.933
G58,4,1,G58_4_01,12,1/22/2025,0.952,0.05,n,n,n,n,n,n,#VALUE!,#VALUE!,#VALUE!,#VALUE!,#VALUE!,#VALUE!,3241071.429,2693613.445,3230961.134
Neg,1,2,Neg_1_02,1,1/24/2025,0.952,0.05,0,0,0,n,n,n,0,0,0,#VALUE!,#VALUE!,#VALUE!,6487920.168,5963571.429,6512473.739
Neg,2,2,Neg_2_02,2,1/24/2025,0.952,0.05,0,0,0,n,n,n,0,0,0,#VALUE!,#VALUE!,#VALUE!,368592.437,561785.7143,371192.2269
Neg,3,2,Neg_3_02,3,1/24/2025,0.952,0.05,0,0,0,n,n,n,0,0,0,#VALUE!,#VALUE!,#VALUE!,1213235.294,1064411.765,1226234.244
Neg,4,2,Neg_4_02,4,1/24/2025,0.952,0.05,0,0,0,n,n,n,0,0,0,#VALUE!,#VALUE!,#VALUE!,1473214.286,1255063.025,1474658.613
D26,1,2,D26_1_02,5,1/24/2025,0.952,0.05,n,n,143,1,n,n,#VALUE!,#VALUE!,7510504.202,525210.084,#VALUE!,#VALUE!,1351890.756,1156848.739,1336003.151
D26,2,2,D26_2_02,6,1/24/2025,0.952,0.05,n,n,97,57,n,n,#VALUE!,#VALUE!,5094537.815,29936974.79,#VALUE!,#VALUE!,2923319.328,2370084.034,2872767.857
D26,3,2,D26_3_02,7,1/24/2025,0.952,0.05,n,2565,857,6,n,n,#VALUE!,13471638.66,45010504.2,3151260.504,#VALUE!,#VALUE!,169275.2101,205325.6303,171875
D26,4,2,D26_4_02,8,1/24/2025,0.952,0.05,n,4384,964,20,n,n,#VALUE!,23025210.08,50630252.1,10504201.68,#VALUE!,#VALUE!,566176.4706,497079.8319,567620.7983
G58,1,2,G58_1_02,9,1/24/2025,0.952,0.05,n,2335,795,1,n,n,#VALUE!,12263655.46,41754201.68,525210.084,#VALUE!,#VALUE!,985609.2437,825231.0924,987053.5714
G58,2,2,G58_2_02,10,1/24/2025,0.952,0.05,n,4098,54,1,n,n,#VALUE!,21523109.24,2836134.454,525210.084,#VALUE!,#VALUE!,1993172.269,403487.395,975498.9496
G58,3,2,G58_3_02,11,1/24/2025,0.952,0.05,n,865,na,0,n,n,#VALUE!,4543067.227,#VALUE!,0,#VALUE!,#VALUE!,192384.4538,310472.6891,209427.521
G58,4,2,G58_4_02,12,1/24/2025,0.952,0.05,n,564,429,6,n,n,#VALUE!,2962184.874,22531512.61,3151260.504,#VALUE!,#VALUE!,1715861.345,1503487.395,1699973.739
Neg,1,3,Neg_1_03,1,1/27/2025,0.5836,0.05,115,15,0,n,n,n,98532.71473,128520.9323,0,#VALUE!,#VALUE!,#VALUE!,704037.6669,819963.5478,687072.9038
Neg,2,3,Neg_2_03,2,1/27/2025,0.6055,0.05,164,12,3,n,n,n,135432.2797,99096.78999,247741.975,#VALUE!,#VALUE!,#VALUE!,2904114.011,2498064.914,2606162.996
Neg,3,3,Neg_3_03,3,1/27/2025,0.6892,0.05,16,4,0,n,n,n,11606.95981,29017.39951,0,#VALUE!,#VALUE!,#VALUE!,2495278.728,2800904.488,2456975.76
Neg,4,3,Neg_4_03,4,1/27/2025,0.2993,0.05,549,49,3,n,n,n,917238.0001,818664.1531,501222.9509,#VALUE!,#VALUE!,#VALUE!,-180106.1137,1043880.332,-216862.4634
D26,1,3,D26_1_03,5,1/27/2025,0.726,0.05,n,1082,n,3,n,n,#VALUE!,7452029.126,#VALUE!,2066181.828,#VALUE!,#VALUE!,1232615.206,947000.0045,1052306.405
D26,2,3,D26_2_03,6,1/27/2025,0.3527,0.05,n,full,810,3,n,n,#VALUE!,#VALUE!,114822445.3,4252683.159,#VALUE!,#VALUE!,962098.6866,3087447.973,871658.2914
D26,3,3,D26_3_03,7,1/27/2025,0.4516,0.05,n,6330,866,11,n,n,#VALUE!,70083628.14,95880603.43,12178829.53,#VALUE!,#VALUE!,727076.1232,968216.948,242358.7077
D26,4,3,D26_4_03,8,1/27/2025,0.5389,0.05,n,full,2427,257,n,n,#VALUE!,#VALUE!,225164173.9,238430954.7,#VALUE!,#VALUE!,2435985.049,2408430.966,2315563.501
G58,1,3,G58_1_03,9,1/27/2025,0.5755,0.05,n,6635,569,49,n,n,#VALUE!,57645208.3,49435001.54,42571442.45,#VALUE!,#VALUE!,267591.924,1395300.746,245611.1588
G58,2,3,G58_2_03,10,1/27/2025,0.4185,0.05,n,full,2645,36,n,n,#VALUE!,#VALUE!,316023701,43012677.64,#VALUE!,#VALUE!,561195.9636,611138.4615,261540.976
G58,3,3,G58_3_03,11,1/27/2025,0.3864,0.05,n,4605,1027,99,n,n,#VALUE!,59595295.64,132908509.5,128120179.5,#VALUE!,#VALUE!,2501190.616,1950273.844,2333210.825
G58,4,3,G58_4_03,12,1/27/2025,0.3184,0.05,n,full,1306,102,n,n,#VALUE!,#VALUE!,205083490,160172404.2,#VALUE!,#VALUE!,1791261.386,1571888.005,1535613.667
Neg,1,4,Neg_1_04,1,1/29/2025,0.6509,0.05,120,10,2,n,n,n,92184.51804,76820.4317,153640.8634,#VALUE!,#VALUE!,#VALUE!,9537794.338,8872759.861,9598636.12
Neg,2,4,Neg_2_04,2,1/29/2025,0.7667,0.05,84,15,0,n,n,n,54776.86336,97815.82742,0,#VALUE!,#VALUE!,#VALUE!,137724.685,218781.4007,63841.13003
Neg,3,4,Neg_3_04,3,1/29/2025,0.8939,0.05,2,1,1,n,n,n,1118.707293,5593.536466,55935.36466,#VALUE!,#VALUE!,#VALUE!,136594.1605,356867.6266,122442.5132
Neg,4,4,Neg_4_04,4,1/29/2025,0.7935,0.05,98,5,1,n,n,n,61749.9326,31505.06765,63010.1353,#VALUE!,#VALUE!,#VALUE!,427649.7883,504585.1635,401311.5517
D26,1,4,D26_1_04,5,1/29/2025,0.741,0.05,n,full,1770,10,n,n,#VALUE!,#VALUE!,119436363.5,6747817.149,#VALUE!,#VALUE!,187049.4914,226389.2653,86844.4067
D26,2,4,D26_2_04,6,1/29/2025,0.7473,0.05,n,full,1283,120,n,n,#VALUE!,#VALUE!,85844332.45,80290879.92,#VALUE!,#VALUE!,1388831.495,831679.6978,1287263.532
D26,3,4,D26_3_04,7,1/29/2025,0.589,0.05,n,full,737,1,n,n,#VALUE!,#VALUE!,62564439.94,848906.9191,#VALUE!,#VALUE!,6536.583277,175553.9509,-133533.0584
D26,4,4,D26_4_04,8,1/29/2025,0.6921,0.05,n,full,2434,73,n,n,#VALUE!,#VALUE!,175844506.8,52738903.01,#VALUE!,#VALUE!,2151241.527,1756277.715,1890581.305
G58,1,4,G58_1_04,9,1/29/2025,0.6539,0.05,n,full,1368,5,n,n,#VALUE!,#VALUE!,104597572.4,3823010.686,#VALUE!,#VALUE!,703969.1877,958811.08,604723.8303
G58,2,4,G58_2_04,10,1/29/2025,0.5948,0.05,n,full,1470,65,n,n,#VALUE!,#VALUE!,123564482.5,54637356.21,#VALUE!,#VALUE!,505773.8036,656488.8493,433652.4934
G58,3,4,G58_3_04,11,1/29/2025,0.4914,0.05,n,full,2487,18,n,n,#VALUE!,#VALUE!,253077010.2,18316792.06,#VALUE!,#VALUE!,1933133.882,1735007.248,1767468.673
G58,4,4,G58_4_04,12,1/29/2025,0.5129,0.05,n,full,2659,517,n,n,#VALUE!,#VALUE!,259199467.1,503971886,#VALUE!,#VALUE!,468586.626,517911.5339,270214.7134
Neg,1,5,Neg_1_05,1,1/31/2025,0.9616,0.05,216,101,0,n,n,n,112308.3518,525145.5341,0,#VALUE!,#VALUE!,#VALUE!,9037978.218,9879703.318,4636894.68
Neg,2,5,Neg_2_05,2,1/31/2025,0.9275,0.05,43,7,3,n,n,n,23181.60497,37737.49647,161732.1277,#VALUE!,#VALUE!,#VALUE!,4419346.563,14513517.68,2690699.671
Neg,3,5,Neg_3_05,3,1/31/2025,0.9066,0.05,14,0,0,n,n,n,7721.311475,0,0,#VALUE!,#VALUE!,#VALUE!,12559556.94,16485772.13,7684927.553
Neg,4,5,Neg_4_05,4,1/31/2025,0.9777,0.05,35,6,2,n,n,n,17899.14812,30684.25392,102280.8464,#VALUE!,#VALUE!,#VALUE!,6076776.128,6117110.58,4155686.131
D26,1,5,D26_1_05,5,1/31/2025,0.9032,0.05,n,n,full,933,0,n,#VALUE!,#VALUE!,#VALUE!,516485234.9,0,#VALUE!,74473810.67,72751567.68,69544504.37
D26,2,5,D26_2_05,6,1/31/2025,0.9434,0.05,n,n,full,20,0,n,#VALUE!,#VALUE!,#VALUE!,10600487.48,0,#VALUE!,66408094.78,75661721.43,69909170.79
D26,3,5,D26_3_05,7,1/31/2025,0.75,0.05,n,n,full,137,115,n,#VALUE!,#VALUE!,#VALUE!,91334874.97,766679607.4,#VALUE!,126063814.5,122302997.7,124600789.8
D26,4,5,D26_4_05,8,1/31/2025,0.9509,0.05,n,n,full,36,4,n,#VALUE!,#VALUE!,#VALUE!,18929593.3,21032881.45,#VALUE!,57205509.65,63493747.02,58943614.39
G58,1,5,G58_1_05,9,1/31/2025,0.9437,0.05,n,n,full,299,0,n,#VALUE!,#VALUE!,#VALUE!,158423980.4,0,#VALUE!,157890176.4,147907277.3,156727429.1
G58,2,5,G58_2_05,10,1/31/2025,0.7799,0.05,n,n,full,93,37,n,#VALUE!,#VALUE!,#VALUE!,59625916.8,237221389.4,#VALUE!,85266683.1,87291957.51,85270209.36
G58,3,5,G58_3_05,11,1/31/2025,0.7439,0.05,n,n,full,21,3,n,#VALUE!,#VALUE!,#VALUE!,14114155.48,20163079.25,#VALUE!,98995698.53,90768402.72,98999395.1
G58,4,5,G58_4_05,12,1/31/2025,0.6942,0.05,n,n,full,205,3,n,#VALUE!,#VALUE!,#VALUE!,147645569.3,21606668.67,#VALUE!,213036373.1,208973505.5,217001556.9
Neg,1,6,Neg_1_06,1,2/3/2025,0.9313,0.05,263,31,4,n,n,n,141204.8416,166439.167,214760.2154,#VALUE!,#VALUE!,#VALUE!,9982339.37,10851511.55,8626933.961
Neg,2,6,Neg_2_06,2,2/3/2025,0.9319,0.05,465,55,5,n,n,n,249477.9455,295081.441,268255.8554,#VALUE!,#VALUE!,#VALUE!,10624289.25,9545294.453,6260034.738
Neg,3,6,Neg_3_06,3,2/3/2025,0.9359,0.05,3,1,0,n,n,n,1602.813368,5342.711227,0,#VALUE!,#VALUE!,#VALUE!,17926147.87,12443922.43,9701311.073
Neg,4,6,Neg_4_06,4,2/3/2025,0.9321,0.05,406,0,0,n,n,n,217780.9693,0,0,#VALUE!,#VALUE!,#VALUE!,6904906.554,6534180.048,3975323.392
D26,1,6,D26_1_06,5,2/3/2025,0.9205,0.05,n,n,full,1074,16,n,#VALUE!,#VALUE!,#VALUE!,583376512.8,86908977.69,#VALUE!,120636467.1,116974812.6,119444456.2
D26,2,6,D26_2_06,6,2/3/2025,0.8876,0.05,n,n,full,1100,91,n,#VALUE!,#VALUE!,#VALUE!,619650090.6,512619620.4,#VALUE!,545231539.9,617651099.4,555768689.7
D26,3,6,D26_3_06,7,2/3/2025,0.8737,0.05,n,n,full,529,11,n,#VALUE!,#VALUE!,#VALUE!,302721447.2,62947748.95,#VALUE!,105061240.8,111904731.2,99399090.78
D26,4,6,D26_4_06,8,2/3/2025,0.8833,0.05,n,n,full,13,6,n,#VALUE!,#VALUE!,#VALUE!,7358654.422,33963020.41,#VALUE!,189226400.3,204712898,184870926
G58,1,6,G58_1_06,9,2/3/2025,0.894,0.05,n,n,full,557,2,n,#VALUE!,#VALUE!,#VALUE!,311521728.8,11185699.42,#VALUE!,63922094.32,68149656.71,65770810.79
G58,2,6,G58_2_06,10,2/3/2025,0.8527,0.05,n,n,full,1289,5,n,#VALUE!,#VALUE!,#VALUE!,755804555,29317476.92,#VALUE!,163763046,164970263.5,170216115.9
G58,3,6,G58_3_06,11,2/3/2025,0.858,0.05,n,n,full,362,13,n,#VALUE!,#VALUE!,#VALUE!,210965417.3,75761061.45,#VALUE!,248666761.4,236404466.5,251234187.3
G58,4,6,G58_4_06,12,2/3/2025,0.9187,0.05,n,n,full,3308,410,n,#VALUE!,#VALUE!,#VALUE!,1800455807,2231520196,#VALUE!,485487645.2,475831623.3,489082842
Neg,1,7,Neg_1_07,1,2/5/2025,0.7818,0.05,49,12,1,n,n,n,31338.83068,76748.15677,63956.79731,#VALUE!,#VALUE!,#VALUE!,8373562.875,15951720.64,8728842.884
Neg,2,7,Neg_2_07,2,2/5/2025,0.9109,0.05,57,5,1,n,n,n,31288.90702,27446.40966,54892.81933,#VALUE!,#VALUE!,#VALUE!,6643419.927,8317030.628,5831280.665
Neg,3,7,Neg_3_07,3,2/5/2025,0.8801,0.05,14,1,0,n,n,n,7953.350482,5680.96463,0,#VALUE!,#VALUE!,#VALUE!,6625442.043,12044440.35,5628716.799
Neg,4,7,Neg_4_07,4,2/5/2025,0.8733,0.05,404,45,4,n,n,n,231298.2349,257634.1726,229008.1534,#VALUE!,#VALUE!,#VALUE!,6236195.453,14279459.89,5439533.339
D26,1,7,D26_1_07,5,2/5/2025,0.6484,0.05,n,n,full,0,0,n,#VALUE!,#VALUE!,#VALUE!,0,0,#VALUE!,119517244.8,135524744.9,129700219.2
D26,2,7,D26_2_07,6,2/5/2025,0.6957,0.05,n,n,full,25,2,n,#VALUE!,#VALUE!,#VALUE!,17967593.86,14374075.09,#VALUE!,353309396.9,327909594.1,361219091.1
D26,3,7,D26_3_07,7,2/5/2025,0.6964,0.05,n,n,full,200,244,n,#VALUE!,#VALUE!,#VALUE!,143590004.9,1751798060,#VALUE!,578016201.6,600817483.1,611189441.5
D26,4,7,D26_4_07,8,2/5/2025,0.876,0.05,n,n,full,678,282,n,#VALUE!,#VALUE!,#VALUE!,386996278.8,1609630540,#VALUE!,154394694,149291177.8,156281443.6
G58,1,7,G58_1_07,9,2/5/2025,0.8477,0.05,n,n,full,154,3,n,#VALUE!,#VALUE!,#VALUE!,90828737.65,17693909.93,#VALUE!,112823759.9,125716055.8,116719663.9
G58,2,7,G58_2_07,10,2/5/2025,0.8662,0.05,n,n,full,737,1,n,#VALUE!,#VALUE!,#VALUE!,425435655.6,5772532.64,#VALUE!,126298702.1,100818090.7,106617540.7
G58,3,7,G58_3_07,11,2/5/2025,0.5371,0.05,n,n,full,115,40,n,#VALUE!,#VALUE!,#VALUE!,107046792,372336668,#VALUE!,171919503.1,155405320,177044251.9
G58,4,7,G58_4_07,12,2/5/2025,0.7745,0.05,n,n,full,16,2,n,#VALUE!,#VALUE!,#VALUE!,10329338.46,12911673.07,#VALUE!,141959022.9,138317201.6,145513283.7
Neg,1,8,Neg_1_08,1,2/7/2025,0.2554,0.1,full,n,60,n,n,n,#VALUE!,#VALUE!,5873653.332,#VALUE!,#VALUE!,#VALUE!,247486089.5,245267806.4,249675298
Neg,2,8,Neg_2_08,2,2/7/2025,0.3581,0.1,full,n,266,n,n,n,#VALUE!,#VALUE!,18571529.78,#VALUE!,#VALUE!,#VALUE!,184186078.9,173388060.9,188819396.4
Neg,3,8,Neg_3_08,3,2/7/2025,0.2949,0.1,full,n,125,n,n,n,#VALUE!,#VALUE!,10596812.48,#VALUE!,#VALUE!,#VALUE!,72575194.98,60396490.34,69248897.93
Neg,4,8,Neg_4_08,4,2/7/2025,0.3806,0.1,full,full,2556,n,n,n,#VALUE!,#VALUE!,167891642.4,#VALUE!,#VALUE!,#VALUE!,314901728.9,301852686,329376340.1
D26,1,8,D26_1_08,5,2/7/2025,0.2982,0.1,n,n,full,full,572,n,#VALUE!,#VALUE!,#VALUE!,#VALUE!,4796156561,#VALUE!,896352777.4,947948353.9,955412833.7
D26,2,8,D26_2_08,6,2/7/2025,0.2331,0.1,n,n,full,1001,106,n,#VALUE!,#VALUE!,#VALUE!,1073546715,1136822695,#VALUE!,2562151365,2162154937,2279057096
D26,3,8,D26_3_08,7,2/7/2025,0.3153,0.1,n,n,full,full,665,n,#VALUE!,#VALUE!,#VALUE!,#VALUE!,5273417786,#VALUE!,1873538047,2090687082,1962540889
D26,4,8,D26_4_08,8,2/7/2025,0.3038,0.1,n,n,full,full,756,n,#VALUE!,#VALUE!,#VALUE!,#VALUE!,6220329747,#VALUE!,2514140200,2543953352,2625494223
G58,1,8,G58_1_08,9,2/7/2025,0.3385,0.1,n,n,full,full,538,n,#VALUE!,#VALUE!,#VALUE!,#VALUE!,3973523929,#VALUE!,2439588370,1910647341,2273879350
G58,2,8,G58_2_08,10,2/7/2025,0.2784,0.1,n,n,full,full,1039,n,#VALUE!,#VALUE!,#VALUE!,#VALUE!,9331388165,#VALUE!,4338789869,3662990800,4223235401
G58,3,8,G58_3_08,11,2/7/2025,0.2715,0.1,n,n,full,full,592,n,#VALUE!,#VALUE!,#VALUE!,#VALUE!,5451502503,#VALUE!,1744121389,1649856438,1765426726
G58,4,8,G58_4_08,12,2/7/2025,0.2116,0.1,n,n,full,full,656,n,#VALUE!,#VALUE!,#VALUE!,#VALUE!,7748874098,#VALUE!,1837061610,1482260037,1873486397
Neg,1,9,Neg_1_09,1,2/10/2025,0.787,0.05,n,n,n,n,n,n,#VALUE!,#VALUE!,#VALUE!,#VALUE!,#VALUE!,#VALUE!,905569238.5,785327691.5,887422590.5
Neg,2,9,Neg_2_09,2,2/10/2025,0.5967,0.05,n,n,n,n,n,n,#VALUE!,#VALUE!,#VALUE!,#VALUE!,#VALUE!,#VALUE!,1216511720,1030268858,1220229019
Neg,3,9,Neg_3_09,3,2/10/2025,0.9163,0.05,n,n,n,n,n,n,#VALUE!,#VALUE!,#VALUE!,#VALUE!,#VALUE!,#VALUE!,435685711,404436118.3,445309697.1
Neg,4,9,Neg_4_09,4,2/10/2025,0.8856,0.05,n,n,n,n,n,n,#VALUE!,#VALUE!,#VALUE!,#VALUE!,#VALUE!,#VALUE!,202350635.9,124062706.5,242117500.7
D26,1,9,D26_1_09,5,2/10/2025,0.6909,0.05,n,n,n,n,n,n,#VALUE!,#VALUE!,#VALUE!,#VALUE!,#VALUE!,#VALUE!,1833295933,1632629286,1889049672
D26,2,9,D26_2_09,6,2/10/2025,0.6262,0.05,n,n,n,n,n,n,#VALUE!,#VALUE!,#VALUE!,#VALUE!,#VALUE!,#VALUE!,3236667680,2760160055,3676264759
D26,3,9,D26_3_09,7,2/10/2025,0.8034,0.05,n,n,n,n,n,n,#VALUE!,#VALUE!,#VALUE!,#VALUE!,#VALUE!,#VALUE!,2206569900,2252052256,2510880675
D26,4,9,D26_4_09,8,2/10/2025,0.7366,0.05,n,n,n,n,n,n,#VALUE!,#VALUE!,#VALUE!,#VALUE!,#VALUE!,#VALUE!,1795143097,1693183280,1931054428
G58,1,9,G58_1_09,9,2/10/2025,0.6336,0.05,n,n,n,n,n,n,#VALUE!,#VALUE!,#VALUE!,#VALUE!,#VALUE!,#VALUE!,2497126050,1707181249,2767541049
G58,2,9,G58_2_09,10,2/10/2025,0.6908,0.05,n,n,n,n,n,n,#VALUE!,#VALUE!,#VALUE!,#VALUE!,#VALUE!,#VALUE!,1727461329,1301086696,1780430153
G58,3,9,G58_3_09,11,2/10/2025,0.5826,0.05,n,n,n,n,n,n,#VALUE!,#VALUE!,#VALUE!,#VALUE!,#VALUE!,#VALUE!,2177180915,1770730739,2342412691
G58,4,9,G58_4_09,12,2/10/2025,0.6506,0.05,n,n,n,n,n,n,#VALUE!,#VALUE!,#VALUE!,#VALUE!,#VALUE!,#VALUE!,1795923277,1494061857,1887677955
Neg,1,10,Neg_1_10,1,2/12/2025,0.2934,0.1,n,full,full,f,n,n,#VALUE!,#VALUE!,#VALUE!,#VALUE!,#VALUE!,#VALUE!,1229905347,826855578.4,1309597787
Neg,2,10,Neg_2_10,2,2/12/2025,0.2665,0.1,n,full,full,f,n,n,#VALUE!,#VALUE!,#VALUE!,#VALUE!,#VALUE!,#VALUE!,1202060245,807271862.7,1284651469
Neg,3,10,Neg_3_10,3,2/12/2025,0.8368,0.1,n,full,full,f,n,n,#VALUE!,#VALUE!,#VALUE!,#VALUE!,#VALUE!,#VALUE!,428794156.3,229136900.9,443592966.6
Neg,4,10,Neg_4_10,4,2/12/2025,0.4323,0.1,n,full,full,f,n,n,#VALUE!,#VALUE!,#VALUE!,#VALUE!,#VALUE!,#VALUE!,375199848.2,276563318.4,351366397.5
D26,1,10,D26_1_10,5,2/12/2025,0.4078,0.1,n,n,n,266,30,6,#VALUE!,#VALUE!,#VALUE!,163081510.3,183926515.4,367853030.8,2390958684,2095869435,2447630306
D26,2,10,D26_2_10,6,2/12/2025,0.2367,0.1,n,n,n,380,101,19,#VALUE!,#VALUE!,#VALUE!,401343547.4,1066728902,2006717737,2939693305,2793238820,3228434956
D26,3,10,D26_3_10,7,2/12/2025,0.3085,0.1,n,n,n,full,571,177,#VALUE!,#VALUE!,#VALUE!,#VALUE!,4627142068,14343330053,5001008421,5022794076,5425341092
D26,4,10,D26_4_10,8,2/12/2025,0.5208,0.1,n,n,n,,191,70,#VALUE!,#VALUE!,#VALUE!,0,916876222.3,3360279349,2197363329,2260168870,2470907493
G58,1,10,G58_1_10,9,2/12/2025,0.386,0.1,n,n,n,full,,38,#VALUE!,#VALUE!,#VALUE!,#VALUE!,0,2461424671,3269264054,2521077752,3775531370
G58,2,10,G58_2_10,10,2/12/2025,0.2465,0.1,n,n,n,full,131,84,#VALUE!,#VALUE!,#VALUE!,#VALUE!,1328460125,8518370269,3009986112,2393047202,3142767527
G58,3,10,G58_3_10,11,2/12/2025,0.6107,0.1,n,n,n,full,90,11,#VALUE!,#VALUE!,#VALUE!,#VALUE!,368421311.2,450292713.7,1348999070,1337939881,1456183595
G58,4,10,G58_4_10,12,2/12/2025,0.41,0.1,n,n,n,181,21,n,#VALUE!,#VALUE!,#VALUE!,110365853.7,128048780.5,#VALUE!,2732444939,2145514451,2950790244
Neg,1,11,Neg_1_11,1,2/14/2025,0.2036,0.05,n,n,n,n,n,n,#VALUE!,#VALUE!,#VALUE!,#VALUE!,#VALUE!,#VALUE!,2028208575,1602147520,2103833761
Neg,2,11,Neg_2_11,2,2/14/2025,0.1999,0.05,n,n,n,n,n,n,#VALUE!,#VALUE!,#VALUE!,#VALUE!,#VALUE!,#VALUE!,4671240306,3799028414,4892745963
Neg,3,11,Neg_3_11,3,2/14/2025,0.2471,0.05,n,n,n,n,n,n,#VALUE!,#VALUE!,#VALUE!,#VALUE!,#VALUE!,#VALUE!,3228287933,3153867981,3154271887
Neg,4,11,Neg_4_11,4,2/14/2025,0.291,0.05,n,n,n,n,n,n,#VALUE!,#VALUE!,#VALUE!,#VALUE!,#VALUE!,#VALUE!,383567727.4,403053278,383548825
D26,1,11,D26_1_11,5,2/14/2025,0.2298,0.05,n,n,n,n,n,n,#VALUE!,#VALUE!,#VALUE!,#VALUE!,#VALUE!,#VALUE!,12358213438,3966607515,12165482168
D26,2,11,D26_2_11,6,2/14/2025,0.1408,0.05,n,n,n,n,n,n,#VALUE!,#VALUE!,#VALUE!,#VALUE!,#VALUE!,#VALUE!,4266301485,4265553265,4305333971
D26,3,11,D26_3_11,7,2/14/2025,0.2944,0.05,n,n,n,n,n,n,#VALUE!,#VALUE!,#VALUE!,#VALUE!,#VALUE!,#VALUE!,14879981845,3056234917,15362016636
D26,4,11,D26_4_11,8,2/14/2025,0.2266,0.05,n,n,n,n,n,n,#VALUE!,#VALUE!,#VALUE!,#VALUE!,#VALUE!,#VALUE!,19086934734,7348759432,20072334463
G58,1,11,G58_1_11,9,2/14/2025,0.243,0.05,n,n,n,n,n,n,#VALUE!,#VALUE!,#VALUE!,#VALUE!,#VALUE!,#VALUE!,24801950288,15507083618,23442139342
G58,2,11,G58_2_11,10,2/14/2025,0.1919,0.05,n,n,n,n,n,n,#VALUE!,#VALUE!,#VALUE!,#VALUE!,#VALUE!,#VALUE!,9673199121,4086004408,9549328554
G58,3,11,G58_3_11,11,2/14/2025,0.1116,0.05,n,n,n,n,n,n,#VALUE!,#VALUE!,#VALUE!,#VALUE!,#VALUE!,#VALUE!,26867781771,10902032912,25424987133
G58,4,11,G58_4_11,12,2/14/2025,0.1958,0.05,n,n,n,n,n,n,#VALUE!,#VALUE!,#VALUE!,#VALUE!,#VALUE!,#VALUE!,29594818912,14628222490,29837483663
Neg,1,13,Neg_1_13,1,2/19/2025,0.9394,0.05,n,n,full,987,96,n,#VALUE!,#VALUE!,#VALUE!,525338709.7,510967741.9,#VALUE!,3361052129,2899934985,3574624935
Neg,2,13,Neg_2_13,2,2/19/2025,0.9226,0.05,n,n,full,187,68,n,#VALUE!,#VALUE!,#VALUE!,101346153.8,368531468.5,#VALUE!,4349443077,3691060904,4372323462
Neg,3,13,Neg_3_13,3,2/19/2025,0.92,0.05,n,n,full,303,136,n,#VALUE!,#VALUE!,#VALUE!,164673913,739130434.8,#VALUE!,3770513043,2192023207,3759022826
Neg,4,13,Neg_4_13,4,2/19/2025,0.9316,0.05,n,n,full,741,116,n,#VALUE!,#VALUE!,#VALUE!,397711864.4,622598870.1,#VALUE!,1592556384,866852296.6,1530198814
D26,1,13,D26_1_13,5,2/19/2025,0.927,0.05,n,n,n,full,236,14,#VALUE!,#VALUE!,#VALUE!,#VALUE!,1272945205,755136986.3,23113828356,12593291525,22885980873
D26,2,13,D26_2_13,6,2/19/2025,0.9281,0.05,n,n,n,full,149,11,#VALUE!,#VALUE!,#VALUE!,#VALUE!,802705202.3,592601156.1,8131400467,7302005963,8932289077
D26,3,13,D26_3_13,7,2/19/2025,0.9265,0.05,n,n,n,full,624,165,#VALUE!,#VALUE!,#VALUE!,#VALUE!,3367500000,8904447115,5748081810,5559080171,6087863639
D26,4,13,D26_4_13,8,2/19/2025,0.92,0.05,n,n,n,full,372,4,#VALUE!,#VALUE!,#VALUE!,#VALUE!,2021739130,217391304.3,3079665217,2680207989,3117675000
G58,1,13,G58_1_13,9,2/19/2025,0.9298,0.05,n,n,n,full,152,33,#VALUE!,#VALUE!,#VALUE!,#VALUE!,817358490.6,1774528302,5088010358,4514078810,5558248528
G58,2,13,G58_2_13,10,2/19/2025,0.8995,0.05,n,n,n,full,195,29,#VALUE!,#VALUE!,#VALUE!,#VALUE!,1083902760,1611957950,3645567414,2984252605,4394131782
G58,3,13,G58_3_13,11,2/19/2025,0.9237,0.05,n,n,n,full,274,18,#VALUE!,#VALUE!,#VALUE!,#VALUE!,1483204047,974367622.3,6286394712,4127552625,6106498300
G58,4,13,G58_4_13,12,2/19/2025,0.8816,0.05,n,n,n,246,6,7,#VALUE!,#VALUE!,#VALUE!,139518411.6,34028880.87,397003610.1,8133823575,4681626903,8193327611
Neg,1,14,Neg_1_14,1,2/21/2025,0.9165,0.05,n,n,n,n,n,n,#VALUE!,#VALUE!,#VALUE!,#VALUE!,#VALUE!,#VALUE!,2805089723,1631261773,2690580344
Neg,2,14,Neg_2_14,2,2/21/2025,0.9115,0.05,n,n,n,n,n,n,#VALUE!,#VALUE!,#VALUE!,#VALUE!,#VALUE!,#VALUE!,9919842369,9104142408,10207642842
Neg,3,14,Neg_3_14,3,2/21/2025,0.9183,0.05,n,n,n,n,n,n,#VALUE!,#VALUE!,#VALUE!,#VALUE!,#VALUE!,#VALUE!,2552049264,1513820565,2628220721
Neg,4,14,Neg_4_14,4,2/21/2025,0.9212,0.05,n,n,n,n,n,n,#VALUE!,#VALUE!,#VALUE!,#VALUE!,#VALUE!,#VALUE!,1499787039,880619491.8,1167522632
D26,1,14,D26_1_14,5,2/21/2025,0.9166,0.05,n,n,n,n,n,n,#VALUE!,#VALUE!,#VALUE!,#VALUE!,#VALUE!,#VALUE!,5104293997,2384903143,4770349939
D26,2,14,D26_2_14,6,2/21/2025,0.9274,0.05,n,n,n,n,n,n,#VALUE!,#VALUE!,#VALUE!,#VALUE!,#VALUE!,#VALUE!,13098156974,12400110790,14720102867
D26,3,14,D26_3_14,7,2/21/2025,0.9126,0.05,n,n,n,n,n,n,#VALUE!,#VALUE!,#VALUE!,#VALUE!,#VALUE!,#VALUE!,17209691447,9553213128,17506730298
D26,4,14,D26_4_14,8,2/21/2025,0.9254,0.05,n,n,n,n,n,n,#VALUE!,#VALUE!,#VALUE!,#VALUE!,#VALUE!,#VALUE!,4800288227,2475465535,4838074635
G58,1,14,G58_1_14,9,2/21/2025,0.9115,0.05,n,n,n,n,n,n,#VALUE!,#VALUE!,#VALUE!,#VALUE!,#VALUE!,#VALUE!,7617562583,6360513666,7972529592
G58,2,14,G58_2_14,10,2/21/2025,0.9181,0.05,n,n,n,n,n,n,#VALUE!,#VALUE!,#VALUE!,#VALUE!,#VALUE!,#VALUE!,13249086108,7086224949,13220499328
G58,3,14,G58_3_14,11,2/21/2025,0.8799,0.05,n,n,n,n,n,n,#VALUE!,#VALUE!,#VALUE!,#VALUE!,#VALUE!,#VALUE!,16756000087,9878405254,18157298448
G58,4,14,G58_4_14,12,2/21/2025,0.9161,0.05,n,n,n,n,n,n,#VALUE!,#VALUE!,#VALUE!,#VALUE!,#VALUE!,#VALUE!,4038033180,2901781051,3694350598
Neg,1,15,Neg_1_15,1,2/24/2025,0.9005,0.05,n,n,n,n,n,n,#VALUE!,#VALUE!,#VALUE!,#VALUE!,#VALUE!,#VALUE!,1854673355,1436873177,2010034634
Neg,2,15,Neg_2_15,2,2/24/2025,0.8726,0.05,n,n,n,n,n,n,#VALUE!,#VALUE!,#VALUE!,#VALUE!,#VALUE!,#VALUE!,4449355157,3958070196,4729938876
Neg,3,15,Neg_3_15,3,2/24/2025,0.9024,0.05,n,n,n,n,n,n,#VALUE!,#VALUE!,#VALUE!,#VALUE!,#VALUE!,#VALUE!,1734485054,1240040955,1734472865
Neg,4,15,Neg_4_15,4,2/24/2025,0.8601,0.05,n,n,n,n,n,n,#VALUE!,#VALUE!,#VALUE!,#VALUE!,#VALUE!,#VALUE!,716663529.9,565948637.7,674966486.9
D26,1,15,D26_1_15,5,2/24/2025,0.8523,0.05,n,n,n,n,n,n,#VALUE!,#VALUE!,#VALUE!,#VALUE!,#VALUE!,#VALUE!,4965726530,4278060802,5088833370
D26,2,15,D26_2_15,6,2/24/2025,0.9136,0.05,n,n,n,n,n,n,#VALUE!,#VALUE!,#VALUE!,#VALUE!,#VALUE!,#VALUE!,1809096531,1722713908,2010105918
D26,3,15,D26_3_15,7,2/24/2025,0.8578,0.05,n,n,n,n,n,n,#VALUE!,#VALUE!,#VALUE!,#VALUE!,#VALUE!,#VALUE!,8145692113,3812577012,8013144456
D26,4,15,D26_4_15,8,2/24/2025,0.879,0.05,n,n,n,n,n,n,#VALUE!,#VALUE!,#VALUE!,#VALUE!,#VALUE!,#VALUE!,3601542953,3402317489,3701023341
G58,1,15,G58_1_15,9,2/24/2025,0.8559,0.05,n,n,n,n,n,n,#VALUE!,#VALUE!,#VALUE!,#VALUE!,#VALUE!,#VALUE!,4914381074,5455647739,5578487667
G58,2,15,G58_2_15,10,2/24/2025,0.935,0.05,n,n,n,n,n,n,#VALUE!,#VALUE!,#VALUE!,#VALUE!,#VALUE!,#VALUE!,4489512835,2758918183,4190193939
G58,3,15,G58_3_15,11,2/24/2025,0.8846,0.05,n,n,n,n,n,n,#VALUE!,#VALUE!,#VALUE!,#VALUE!,#VALUE!,#VALUE!,8323619652,5585055874,8392806783
G58,4,15,G58_4_15,12,2/24/2025,0.9039,0.05,n,n,n,n,n,n,#VALUE!,#VALUE!,#VALUE!,#VALUE!,#VALUE!,#VALUE!,3289350997,1876590126,3405437005
Neg,1,16,Neg_1_16,1,2/26/2025,0.7719,0.05,n,n,full,348,204,n,#VALUE!,#VALUE!,#VALUE!,225404888.4,1321339001,#VALUE!,2341480720,1693481176,2391454538
Neg,2,16,Neg_2_16,2,2/26/2025,0.8302,0.05,n,n,full,377,122,n,#VALUE!,#VALUE!,#VALUE!,227063829.8,734795417.3,#VALUE!,3621568707,3131641453,3608411051
Neg,3,16,Neg_3_16,3,2/26/2025,0.7915,0.05,n,n,full,614,105,n,#VALUE!,#VALUE!,#VALUE!,387850046.9,663261480.8,#VALUE!,3165958660,2777199629,2999293052
Neg,4,16,Neg_4_16,4,2/26/2025,0.7922,0.05,n,n,full,392,150,n,#VALUE!,#VALUE!,#VALUE!,247413793.1,946736453.2,#VALUE!,567464362.7,608780572.7,579364208.7
D26,1,16,D26_1_16,5,2/26/2025,0.8195,0.05,n,n,n,594,136,36,#VALUE!,#VALUE!,#VALUE!,362435897.4,829819563.2,2196581197,5091788094,2118813680,5024764300
D26,2,16,D26_2_16,6,2/26/2025,0.8059,0.05,n,n,n,643,45,58,#VALUE!,#VALUE!,#VALUE!,398934451.2,279192073.2,3598475610,3136868742,2577591802,3232510020
D26,3,16,D26_3_16,7,2/26/2025,0.7949,0.05,n,n,n,full,n,40,#VALUE!,#VALUE!,#VALUE!,#VALUE!,#VALUE!,2516129032,6169538952,2855520871,7013797113
D26,4,16,D26_4_16,8,2/26/2025,0.8326,0.05,n,n,n,400,85,24,#VALUE!,#VALUE!,#VALUE!,240202020.2,510429292.9,1441212121,5064050083,3168592522,5401025894
G58,1,16,G58_1_16,9,2/26/2025,0.7728,0.05,n,n,n,n,720,93,#VALUE!,#VALUE!,#VALUE!,#VALUE!,4658413926,6017117988,13000339368,4294741847,11292437238
G58,2,16,G58_2_16,10,2/26/2025,0.7981,0.05,n,n,n,full,260,85,#VALUE!,#VALUE!,#VALUE!,#VALUE!,1628767123,5324815595,5661585736,847221795.1,5620790062
G58,3,16,G58_3_16,11,2/26/2025,0.7936,0.05,n,n,n,full,211,25,#VALUE!,#VALUE!,#VALUE!,#VALUE!,1329411248,1575131810,3785766669,871179576.2,3697026581
G58,4,16,G58_4_16,12,2/26/2025,0.8412,0.05,n,n,n,555,149,92,#VALUE!,#VALUE!,#VALUE!,329889380.5,885648967.6,5468436578,3368970247,664342028.6,3510300462
Neg,1,17,Neg_1_17,1,2/28/2025,0.8161,0.05,n,n,n,n,n,n,#VALUE!,#VALUE!,#VALUE!,#VALUE!,#VALUE!,#VALUE!,893119394.4,332194018.9,1317177122
Neg,2,17,Neg_2_17,2,2/28/2025,0.8627,0.05,n,n,n,n,n,n,#VALUE!,#VALUE!,#VALUE!,#VALUE!,#VALUE!,#VALUE!,1555848527,147465473.9,1684880817
Neg,3,17,Neg_3_17,3,2/28/2025,0.8694,0.05,n,n,n,n,n,n,#VALUE!,#VALUE!,#VALUE!,#VALUE!,#VALUE!,#VALUE!,4500796497,516491983.2,5073031292
Neg,4,17,Neg_4_17,4,2/28/2025,0.8377,0.05,n,n,n,n,n,n,#VALUE!,#VALUE!,#VALUE!,#VALUE!,#VALUE!,#VALUE!,870019692.6,101238655.1,709122544.2
D26,1,17,D26_1_17,5,2/28/2025,0.8403,0.05,n,n,n,n,n,n,#VALUE!,#VALUE!,#VALUE!,#VALUE!,#VALUE!,#VALUE!,13487171249,592921909.6,14034137205
D26,2,17,D26_2_17,6,2/28/2025,0.7846,0.05,n,n,n,n,n,n,#VALUE!,#VALUE!,#VALUE!,#VALUE!,#VALUE!,#VALUE!,31481294787,22819414506,37713370220
D26,3,17,D26_3_17,7,2/28/2025,0.8137,0.05,n,n,n,n,n,n,#VALUE!,#VALUE!,#VALUE!,#VALUE!,#VALUE!,#VALUE!,4403925220,542522642,4359257832
D26,4,17,D26_4_17,8,2/28/2025,0.8128,0.05,n,n,n,n,n,n,#VALUE!,#VALUE!,#VALUE!,#VALUE!,#VALUE!,#VALUE!,2559531600,529140654.7,2668527122
G58,1,17,G58_1_17,9,2/28/2025,0.8723,0.05,n,n,n,n,n,n,#VALUE!,#VALUE!,#VALUE!,#VALUE!,#VALUE!,#VALUE!,965789990.6,749192594.9,2044002277
G58,2,17,G58_2_17,10,2/28/2025,0.8037,0.05,n,n,n,n,n,n,#VALUE!,#VALUE!,#VALUE!,#VALUE!,#VALUE!,#VALUE!,553511928.4,320801381.5,2288948477
G58,3,17,G58_3_17,11,2/28/2025,0.781,0.05,n,n,n,n,n,n,#VALUE!,#VALUE!,#VALUE!,#VALUE!,#VALUE!,#VALUE!,7239877225,229775815.5,6034766092
G58,4,17,G58_4_17,12,2/28/2025,0.8743,0.05,n,n,n,n,n,n,#VALUE!,#VALUE!,#VALUE!,#VALUE!,#VALUE!,#VALUE!,699350653,19919585.16,995546223.6
Neg,1,18,Neg_1_18,1,3/3/2025,0.8161,0.05,n,n,n,n,n,n,#VALUE!,#VALUE!,#VALUE!,#VALUE!,#VALUE!,#VALUE!,4317130371,3436073888,4202996672
Neg,2,18,Neg_2_18,2,3/3/2025,0.8627,0.05,n,n,n,n,n,n,#VALUE!,#VALUE!,#VALUE!,#VALUE!,#VALUE!,#VALUE!,2165899148,1077902393,3686197963
Neg,3,18,Neg_3_18,3,3/3/2025,0.8694,0.05,n,n,n,n,n,n,#VALUE!,#VALUE!,#VALUE!,#VALUE!,#VALUE!,#VALUE!,3399004999,346650605.9,3034934764
Neg,4,18,Neg_4_18,4,3/3/2025,0.8377,0.05,n,n,n,n,n,n,#VALUE!,#VALUE!,#VALUE!,#VALUE!,#VALUE!,#VALUE!,81352490.73,-81804449.02,24405747.22
D26,1,18,D26_1_18,5,3/3/2025,0.8403,0.05,n,n,n,n,n,n,#VALUE!,#VALUE!,#VALUE!,#VALUE!,#VALUE!,#VALUE!,9116850183,376658599.1,6780305333
D26,2,18,D26_2_18,6,3/3/2025,0.7846,0.05,n,n,n,n,n,n,#VALUE!,#VALUE!,#VALUE!,#VALUE!,#VALUE!,#VALUE!,5614851918,112924396.1,5525091500
D26,3,18,D26_3_18,7,3/3/2025,0.8137,0.05,n,n,n,n,n,n,#VALUE!,#VALUE!,#VALUE!,#VALUE!,#VALUE!,#VALUE!,6437221914,649538257.4,8165291461
D26,4,18,D26_4_18,8,3/3/2025,0.8128,0.05,n,n,n,n,n,n,#VALUE!,#VALUE!,#VALUE!,#VALUE!,#VALUE!,#VALUE!,2140318053,100611251.2,3180899235
G58,1,18,G58_1_18,9,3/3/2025,0.8723,0.05,n,n,n,n,n,n,#VALUE!,#VALUE!,#VALUE!,#VALUE!,#VALUE!,#VALUE!,1734081354,436667294.6,13086562888
G58,2,18,G58_2_18,10,3/3/2025,0.8037,0.05,n,n,n,n,n,n,#VALUE!,#VALUE!,#VALUE!,#VALUE!,#VALUE!,#VALUE!,87148686.6,-68776801.32,333991453
G58,3,18,G58_3_18,11,3/3/2025,0.781,0.05,n,n,n,n,n,n,#VALUE!,#VALUE!,#VALUE!,#VALUE!,#VALUE!,#VALUE!,35840664389,24425072238,44136831703
G58,4,18,G58_4_18,12,3/3/2025,0.8743,0.05,n,n,n,n,n,n,#VALUE!,#VALUE!,#VALUE!,#VALUE!,#VALUE!,#VALUE!,1102072701,587194727.8,913269676.2
Neg,1,19,Neg_1_19,1,3/5/2025,0.945,0.05,n,n,full,incontable,182,n,#VALUE!,#VALUE!,#VALUE!,#VALUE!,963000987.2,#VALUE!,250417906.3,121803269.6,460368279
Neg,2,19,Neg_2_19,2,3/5/2025,0.9408,0.05,n,n,full,incontable,76,n,#VALUE!,#VALUE!,#VALUE!,#VALUE!,403896424.2,#VALUE!,1366237536,871655524,1794419197
Neg,3,19,Neg_3_19,3,3/5/2025,0.9513,0.05,n,n,full,incontable,35,n,#VALUE!,#VALUE!,#VALUE!,#VALUE!,183954393.8,#VALUE!,4232623452,440176919.4,3959602324
Neg,4,19,Neg_4_19,4,3/5/2025,0.9481,0.05,n,n,incontable,incontable,75,n,#VALUE!,#VALUE!,#VALUE!,#VALUE!,395547945.2,#VALUE!,,,
D26,1,19,D26_1_19,5,3/5/2025,0.9364,0.05,n,n,n,incontable,118,15,#VALUE!,#VALUE!,#VALUE!,#VALUE!,630080350.6,800949598.2,19705384697,8525859069,20721888999
D26,2,19,D26_2_19,6,3/5/2025,0.9499,0.05,n,n,n,incontable,113,14,#VALUE!,#VALUE!,#VALUE!,#VALUE!,594787415,736904761.9,4916459882,167801346.6,3674490770
D26,3,19,D26_3_19,7,3/5/2025,0.9487,0.05,n,n,n,incontable,86,61,#VALUE!,#VALUE!,#VALUE!,#VALUE!,453275229.4,3215091743,4244544077,22350208.59,4290042716
D26,4,19,D26_4_19,8,3/5/2025,0.9507,0.05,n,n,n,incontable,384,1,#VALUE!,#VALUE!,#VALUE!,#VALUE!,2019466248,52590266.88,467921779.4,26283265.91,947392266.5
G58,1,19,G58_1_19,9,3/5/2025,0.9565,0.05,n,n,n,incontable,148,21,#VALUE!,#VALUE!,#VALUE!,#VALUE!,773693086,1097807757,354290946.3,429899405.2,510258133.8
G58,2,19,G58_2_19,10,3/5/2025,0.9769,0.05,n,n,n,incontable,322,43,#VALUE!,#VALUE!,#VALUE!,#VALUE!,1648151659,2200947867,436037500.2,347279644.6,422084300.2
G58,3,19,G58_3_19,11,3/5/2025,0.9173,0.05,n,n,n,incontable,373,5,#VALUE!,#VALUE!,#VALUE!,#VALUE!,2033155738,272540983.6,236508337.4,349190320.2,453617212.6
G58,4,19,G58_4_19,12,3/5/2025,0.943,0.05,n,n,n,362,61,8,#VALUE!,#VALUE!,#VALUE!,191936555.9,323429003,424169184.3,197936581.2,-23688150.7,650018914.9
