"ReadingOriginal","ReadingStand","Values","Humidity"
"22/12/2020 13:49:01",2020-12-22 13:49:01,31.688,10.073
"22/12/2020 14:49:01",2020-12-22 14:49:01,29.938,15.143
"22/12/2020 15:49:01",2020-12-22 15:49:01,18.625,28.996
"22/12/2020 16:49:01",2020-12-22 16:49:01,11.938,59.057
"22/12/2020 17:49:01",2020-12-22 17:49:01,8.375,66.722
"22/12/2020 18:49:01",2020-12-22 18:49:01,6.938,73.988
"22/12/2020 19:49:01",2020-12-22 19:49:01,5.875,77.82
"22/12/2020 20:49:01",2020-12-22 20:49:01,5.438,80.654
"22/12/2020 21:49:01",2020-12-22 21:49:01,8.563,76.543
"22/12/2020 22:49:01",2020-12-22 22:49:01,8.938,77.381
"22/12/2020 23:49:01",2020-12-22 23:49:01,6.375,81.692
"23/12/2020 00:49:01",2020-12-23 00:49:01,4.25,85.685
"23/12/2020 01:49:01",2020-12-23 01:49:01,2.938,87.561
"23/12/2020 02:49:01",2020-12-23 02:49:01,2.188,90.755
"23/12/2020 03:49:01",2020-12-23 03:49:01,3,89.996
"23/12/2020 04:49:01",2020-12-23 04:49:01,5.063,88
"23/12/2020 05:49:01",2020-12-23 05:49:01,5.125,90.236
"23/12/2020 06:49:01",2020-12-23 06:49:01,3.688,94.148
"23/12/2020 07:49:01",2020-12-23 07:49:01,8.25,91.912
"23/12/2020 08:49:01",2020-12-23 08:49:01,12.25,86.603
"23/12/2020 09:49:01",2020-12-23 09:49:01,15.875,41.532
"23/12/2020 10:49:01",2020-12-23 10:49:01,20.813,20.732
"23/12/2020 11:49:01",2020-12-23 11:49:01,23,12.07
"23/12/2020 12:49:01",2020-12-23 12:49:01,23,10.592
"23/12/2020 13:49:01",2020-12-23 13:49:01,22.125,8.317
"23/12/2020 14:49:01",2020-12-23 14:49:01,19.5,8.037
"23/12/2020 15:49:01",2020-12-23 15:49:01,17.375,9.355
"23/12/2020 16:49:01",2020-12-23 16:49:01,15,9.954
"23/12/2020 17:49:01",2020-12-23 17:49:01,15,8.956
"23/12/2020 18:49:01",2020-12-23 18:49:01,13.938,9.634
"23/12/2020 19:49:01",2020-12-23 19:49:01,14,7.958
"23/12/2020 20:49:01",2020-12-23 20:49:01,12.625,8.756
"23/12/2020 21:49:01",2020-12-23 21:49:01,13.063,8.237
"23/12/2020 22:49:01",2020-12-23 22:49:01,13.625,7.079
"23/12/2020 23:49:01",2020-12-23 23:49:01,13.625,7.678
"24/12/2020 00:49:01",2020-12-24 00:49:01,13.125,7.558
"24/12/2020 01:49:01",2020-12-24 01:49:01,12.438,7.718
"24/12/2020 02:49:01",2020-12-24 02:49:01,12.375,7.119
"24/12/2020 03:49:01",2020-12-24 03:49:01,12.75,7.439
"24/12/2020 04:49:01",2020-12-24 04:49:01,12.813,7.319
"24/12/2020 05:49:01",2020-12-24 05:49:01,13,6.88
"24/12/2020 06:49:01",2020-12-24 06:49:01,11.563,8.397
"24/12/2020 07:49:01",2020-12-24 07:49:01,11.063,9.994
"24/12/2020 08:49:01",2020-12-24 08:49:01,14.313,8.996
"24/12/2020 09:49:01",2020-12-24 09:49:01,14.375,11.511
"24/12/2020 10:49:01",2020-12-24 10:49:01,15.563,10.952
"24/12/2020 11:49:01",2020-12-24 11:49:01,16.125,15.104
"24/12/2020 12:49:01",2020-12-24 12:49:01,19.125,9.475
"24/12/2020 13:49:01",2020-12-24 13:49:01,16.188,11.231
"24/12/2020 14:49:01",2020-12-24 14:49:01,15.063,15.383
"24/12/2020 15:49:01",2020-12-24 15:49:01,9.313,61.093
"24/12/2020 16:49:01",2020-12-24 16:49:01,13.938,30.034
"24/12/2020 17:49:01",2020-12-24 17:49:01,14.438,32.749
"24/12/2020 18:49:01",2020-12-24 18:49:01,14.688,32.509
"24/12/2020 19:49:01",2020-12-24 19:49:01,12.813,36.98
"24/12/2020 20:49:01",2020-12-24 20:49:01,10.938,40.813
"24/12/2020 21:49:01",2020-12-24 21:49:01,12.125,37.739
"24/12/2020 22:49:01",2020-12-24 22:49:01,7.938,45.643
"24/12/2020 23:49:01",2020-12-24 23:49:01,7.75,46.961
"25/12/2020 00:49:01",2020-12-25 00:49:01,6.75,53.668
"25/12/2020 01:49:01",2020-12-25 01:49:01,6.188,56.542
"25/12/2020 02:49:01",2020-12-25 02:49:01,6.625,58.259
"25/12/2020 03:49:01",2020-12-25 03:49:01,5.875,57.66
"25/12/2020 04:49:01",2020-12-25 04:49:01,6.125,57.819
"25/12/2020 05:49:01",2020-12-25 05:49:01,8.75,40.414
"25/12/2020 06:49:01",2020-12-25 06:49:01,9.688,43.128
"25/12/2020 07:49:01",2020-12-25 07:49:01,7.375,52.23
"25/12/2020 08:49:01",2020-12-25 08:49:01,11.5,46.681
"25/12/2020 09:49:01",2020-12-25 09:49:01,12.813,41.891
"25/12/2020 10:49:01",2020-12-25 10:49:01,25.313,21.212
"25/12/2020 11:49:01",2020-12-25 11:49:01,29.563,12.269
"25/12/2020 12:49:01",2020-12-25 12:49:01,27.875,12.429
"25/12/2020 13:49:01",2020-12-25 13:49:01,25.125,14.026
"25/12/2020 14:49:01",2020-12-25 14:49:01,23.313,16.661
"25/12/2020 15:49:01",2020-12-25 15:49:01,19.625,20.214
"25/12/2020 16:49:01",2020-12-25 16:49:01,13.25,42.25
"25/12/2020 17:49:01",2020-12-25 17:49:01,9.75,50.514
"25/12/2020 18:49:01",2020-12-25 18:49:01,8.938,46.322
"25/12/2020 19:49:01",2020-12-25 19:49:01,8.688,54.985
"25/12/2020 20:49:01",2020-12-25 20:49:01,6.875,57.74
"25/12/2020 21:49:01",2020-12-25 21:49:01,6.625,58.658
"25/12/2020 22:49:01",2020-12-25 22:49:01,6.188,57.261
"25/12/2020 23:49:01",2020-12-25 23:49:01,6.5,59.297
"26/12/2020 00:49:01",2020-12-26 00:49:01,6.438,58.259
"26/12/2020 01:49:01",2020-12-26 01:49:01,6.625,61.931
"26/12/2020 02:49:01",2020-12-26 02:49:01,5.688,66.283
"26/12/2020 03:49:01",2020-12-26 03:49:01,4,70.674
"26/12/2020 04:49:01",2020-12-26 04:49:01,3.813,73.588
"26/12/2020 05:49:01",2020-12-26 05:49:01,4.188,76.303
"26/12/2020 06:49:01",2020-12-26 06:49:01,3.563,75.265
"26/12/2020 07:49:01",2020-12-26 07:49:01,6.813,70.275
"26/12/2020 08:49:01",2020-12-26 08:49:01,10.125,63.887
"26/12/2020 09:49:01",2020-12-26 09:49:01,10.75,63.568
"26/12/2020 10:49:01",2020-12-26 10:49:01,22.75,30.833
"26/12/2020 11:49:01",2020-12-26 11:49:01,23.5,35.663
"26/12/2020 12:49:01",2020-12-26 12:49:01,24.625,33.547
"26/12/2020 13:49:01",2020-12-26 13:49:01,24.5,31.072
"26/12/2020 14:49:01",2020-12-26 14:49:01,22,30.633
"26/12/2020 15:49:01",2020-12-26 15:49:01,16.688,61.851
"26/12/2020 16:49:01",2020-12-26 16:49:01,12.5,78.938
"26/12/2020 17:49:01",2020-12-26 17:49:01,8.938,86.243
"26/12/2020 18:49:01",2020-12-26 18:49:01,9.375,90.715
"26/12/2020 19:49:01",2020-12-26 19:49:01,6.625,93.429
"26/12/2020 20:49:01",2020-12-26 20:49:01,5.875,95.705
"26/12/2020 21:49:01",2020-12-26 21:49:01,5.25,97.781
"26/12/2020 22:49:01",2020-12-26 22:49:01,4.75,99.457
"26/12/2020 23:49:01",2020-12-26 23:49:01,5.813,98.819
"27/12/2020 00:49:01",2020-12-27 00:49:01,7.875,97.022
"27/12/2020 01:49:01",2020-12-27 01:49:01,8.5,95.625
"27/12/2020 02:49:01",2020-12-27 02:49:01,7.875,98.419
"27/12/2020 03:49:01",2020-12-27 03:49:01,7.188,101.533
"27/12/2020 04:49:01",2020-12-27 04:49:01,7.063,104.368
"27/12/2020 05:49:01",2020-12-27 05:49:01,6.688,105.965
"27/12/2020 06:49:01",2020-12-27 06:49:01,7.063,107.282
"27/12/2020 07:49:01",2020-12-27 07:49:01,8.625,106.404
"27/12/2020 08:49:01",2020-12-27 08:49:01,12.438,102.292
"27/12/2020 09:49:01",2020-12-27 09:49:01,11.75,105.446
"27/12/2020 10:49:01",2020-12-27 10:49:01,14.875,100.176
"27/12/2020 11:49:01",2020-12-27 11:49:01,16.063,85.285
"27/12/2020 12:49:01",2020-12-27 12:49:01,14.438,80.974
"27/12/2020 13:49:01",2020-12-27 13:49:01,18.625,64.925
"27/12/2020 14:49:01",2020-12-27 14:49:01,17.75,61.732
"27/12/2020 15:49:01",2020-12-27 15:49:01,14.938,68.319
"27/12/2020 16:49:01",2020-12-27 16:49:01,10.188,84.207
"27/12/2020 17:49:01",2020-12-27 17:49:01,12.063,83.289
"27/12/2020 18:49:01",2020-12-27 18:49:01,10.313,90.315
"27/12/2020 19:49:01",2020-12-27 19:49:01,7.625,94.986
"27/12/2020 20:49:01",2020-12-27 20:49:01,9,93.03
"27/12/2020 21:49:01",2020-12-27 21:49:01,10.375,91.114
"27/12/2020 22:49:01",2020-12-27 22:49:01,8.75,93.789
"27/12/2020 23:49:01",2020-12-27 23:49:01,9.313,97.062
"28/12/2020 00:49:01",2020-12-28 00:49:01,10.125,93.429
"28/12/2020 01:49:01",2020-12-28 01:49:01,7.938,101.972
"28/12/2020 02:49:01",2020-12-28 02:49:01,7.938,106.923
"28/12/2020 03:49:01",2020-12-28 03:49:01,7.875,108.12
"28/12/2020 04:49:01",2020-12-28 04:49:01,7.875,108.999
"28/12/2020 05:49:01",2020-12-28 05:49:01,6.438,110.436
"28/12/2020 06:49:01",2020-12-28 06:49:01,7.25,110.675
"28/12/2020 07:49:01",2020-12-28 07:49:01,8.063,109.877
"28/12/2020 08:49:01",2020-12-28 08:49:01,10.5,108.919
"28/12/2020 09:49:01",2020-12-28 09:49:01,9,108.999
"28/12/2020 10:49:01",2020-12-28 10:49:01,17.688,100.615
"28/12/2020 11:49:01",2020-12-28 11:49:01,15.75,101.533
"28/12/2020 12:49:01",2020-12-28 12:49:01,11.688,106.164
"28/12/2020 13:49:01",2020-12-28 13:49:01,12.375,105.486
"28/12/2020 14:49:01",2020-12-28 14:49:01,9.875,108.639
"28/12/2020 15:49:01",2020-12-28 15:49:01,8.938,110.037
"28/12/2020 16:49:01",2020-12-28 16:49:01,6.813,112.033
"28/12/2020 17:49:01",2020-12-28 17:49:01,6.875,111.753
"28/12/2020 18:49:01",2020-12-28 18:49:01,7.438,111.793
"28/12/2020 19:49:01",2020-12-28 19:49:01,6.625,111.833
"28/12/2020 20:49:01",2020-12-28 20:49:01,5.188,112.312
"28/12/2020 21:49:01",2020-12-28 21:49:01,5.25,113.071
"28/12/2020 22:49:01",2020-12-28 22:49:01,4.188,113.59
"28/12/2020 23:49:01",2020-12-28 23:49:01,4,113.829
"29/12/2020 00:49:01",2020-12-29 00:49:01,3.313,113.989
"29/12/2020 01:49:01",2020-12-29 01:49:01,3.625,113.23
"29/12/2020 02:49:01",2020-12-29 02:49:01,2.813,115.386
"29/12/2020 03:49:01",2020-12-29 03:49:01,2.5,114.588
"29/12/2020 04:49:01",2020-12-29 04:49:01,2.063,113.23
"29/12/2020 05:49:01",2020-12-29 05:49:01,1.938,115.306
"29/12/2020 06:49:01",2020-12-29 06:49:01,1.75,115.745
"29/12/2020 07:49:01",2020-12-29 07:49:01,4.063,115.306
"29/12/2020 08:49:01",2020-12-29 08:49:01,7,113.35
"29/12/2020 09:49:01",2020-12-29 09:49:01,7.25,112.791
"29/12/2020 10:49:01",2020-12-29 10:49:01,11.25,112.552
"29/12/2020 11:49:01",2020-12-29 11:49:01,12.875,110.037
"29/12/2020 12:49:01",2020-12-29 12:49:01,12.813,109.917
"29/12/2020 13:49:01",2020-12-29 13:49:01,12.75,110.116
"29/12/2020 14:49:01",2020-12-29 14:49:01,11.75,108.879
"29/12/2020 15:49:01",2020-12-29 15:49:01,9.813,108.24
"29/12/2020 16:49:01",2020-12-29 16:49:01,8.25,110.516
"29/12/2020 17:49:01",2020-12-29 17:49:01,5.813,111.993
"29/12/2020 18:49:01",2020-12-29 18:49:01,4.188,113.949
"29/12/2020 19:49:01",2020-12-29 19:49:01,6.438,112.232
"29/12/2020 20:49:01",2020-12-29 20:49:01,6.75,107.522
"29/12/2020 21:49:01",2020-12-29 21:49:01,3.25,112.432
"29/12/2020 22:49:01",2020-12-29 22:49:01,3,112.911
"29/12/2020 23:49:01",2020-12-29 23:49:01,2.5,113.989
"30/12/2020 00:49:01",2020-12-30 00:49:01,2.125,115.067
"30/12/2020 01:49:01",2020-12-30 01:49:01,1.688,115.027
"30/12/2020 02:49:01",2020-12-30 02:49:01,3.438,114.308
"30/12/2020 03:49:01",2020-12-30 03:49:01,3.438,114.508
"30/12/2020 04:49:01",2020-12-30 04:49:01,3.063,114.428
"30/12/2020 05:49:01",2020-12-30 05:49:01,4.313,114.029
"30/12/2020 06:49:01",2020-12-30 06:49:01,5.813,109.797
"30/12/2020 07:49:01",2020-12-30 07:49:01,6.813,102.571
"30/12/2020 08:49:01",2020-12-30 08:49:01,10,77.7
"30/12/2020 09:49:01",2020-12-30 09:49:01,9.313,82.97
"30/12/2020 10:49:01",2020-12-30 10:49:01,19.188,64.167
"30/12/2020 11:49:01",2020-12-30 11:49:01,19.188,59.536
"30/12/2020 12:49:01",2020-12-30 12:49:01,19.313,59.736
"30/12/2020 13:49:01",2020-12-30 13:49:01,18.313,68.598
"30/12/2020 14:49:01",2020-12-30 14:49:01,16,78.099
"30/12/2020 15:49:01",2020-12-30 15:49:01,13.625,82.89
"30/12/2020 16:49:01",2020-12-30 16:49:01,10.5,94.108
"30/12/2020 17:49:01",2020-12-30 17:49:01,8.375,102.252
"30/12/2020 18:49:01",2020-12-30 18:49:01,5.938,108.4
"30/12/2020 19:49:01",2020-12-30 19:49:01,4.438,108.999
"30/12/2020 20:49:01",2020-12-30 20:49:01,5.188,112.751
"30/12/2020 21:49:01",2020-12-30 21:49:01,3.375,112.073
"30/12/2020 22:49:01",2020-12-30 22:49:01,2.563,112.432
"30/12/2020 23:49:01",2020-12-30 23:49:01,2.75,113.23
"31/12/2020 00:49:01",2020-12-31 00:49:01,3.938,112.392
"31/12/2020 01:49:01",2020-12-31 01:49:01,2.5,111.514
"31/12/2020 02:49:01",2020-12-31 02:49:01,1.875,113.47
"31/12/2020 03:49:01",2020-12-31 03:49:01,1.625,114.468
"31/12/2020 04:49:01",2020-12-31 04:49:01,3.25,113.43
"31/12/2020 05:49:01",2020-12-31 05:49:01,6.688,112.312
"31/12/2020 06:49:01",2020-12-31 06:49:01,6.75,111.953
"31/12/2020 07:49:01",2020-12-31 07:49:01,4.875,112.711
"31/12/2020 08:49:01",2020-12-31 08:49:01,8.563,111.474
"31/12/2020 09:49:01",2020-12-31 09:49:01,8.688,110.715
"31/12/2020 10:49:01",2020-12-31 10:49:01,17.188,104.767
"31/12/2020 11:49:01",2020-12-31 11:49:01,19.188,81.333
"31/12/2020 12:49:01",2020-12-31 12:49:01,17.5,71.353
"31/12/2020 13:49:01",2020-12-31 13:49:01,16.625,67.68
"31/12/2020 14:49:01",2020-12-31 14:49:01,14.813,65.365
"31/12/2020 15:49:01",2020-12-31 15:49:01,12.938,77.66
"31/12/2020 16:49:01",2020-12-31 16:49:01,8.188,97.98
"31/12/2020 17:49:01",2020-12-31 17:49:01,10,80.175
"31/12/2020 18:49:01",2020-12-31 18:49:01,8.938,81.812
"31/12/2020 19:49:01",2020-12-31 19:49:01,11.375,59.895
"31/12/2020 20:49:01",2020-12-31 20:49:01,11.688,52.869
"31/12/2020 21:49:01",2020-12-31 21:49:01,12.125,48.039
"31/12/2020 22:49:01",2020-12-31 22:49:01,10.625,57.939
"31/12/2020 23:49:01",2020-12-31 23:49:01,10,62.091
"1/1/2021 0:49",2021-01-01 00:49:00,9.938,56.662
"1/1/2021 1:49",2021-01-01 01:49:00,9.25,63.289
"1/1/2021 2:49",2021-01-01 02:49:00,10,55.544
"1/1/2021 3:49",2021-01-01 03:49:00,9.375,55.025
"1/1/2021 4:49",2021-01-01 04:49:00,9.313,55.783
"1/1/2021 5:49",2021-01-01 05:49:00,9.438,51.232
"1/1/2021 6:49",2021-01-01 06:49:00,5.5,73.269
"1/1/2021 7:49",2021-01-01 07:49:00,8.25,61.333
"1/1/2021 8:49",2021-01-01 08:49:00,11.563,47.121
"1/1/2021 9:49",2021-01-01 09:49:00,11.625,47.041
"1/1/2021 10:49",2021-01-01 10:49:00,18.25,33.467
"1/1/2021 11:49",2021-01-01 11:49:00,21.438,34.306
"1/1/2021 12:49",2021-01-01 12:49:00,21.125,34.745
"1/1/2021 13:49",2021-01-01 13:49:00,19.5,30.753
"1/1/2021 14:49",2021-01-01 14:49:00,18.125,40.533
"1/1/2021 15:49",2021-01-01 15:49:00,15.813,45.603
"1/1/2021 16:49",2021-01-01 16:49:00,10.188,67.64
"1/1/2021 17:49",2021-01-01 17:49:00,7.188,83.449
"1/1/2021 18:49",2021-01-01 18:49:00,6.563,91.154
"1/1/2021 19:49",2021-01-01 19:49:00,5.75,95.864
"1/1/2021 20:49",2021-01-01 20:49:00,5.625,95.705
"1/1/2021 21:49",2021-01-01 21:49:00,4.5,99.657
"1/1/2021 22:49",2021-01-01 22:49:00,4.313,99.018
"1/1/2021 23:49",2021-01-01 23:49:00,5.188,99.976
"2/1/2021 0:49",2021-01-02 00:49:00,4.25,100.455
"2/1/2021 1:49",2021-01-02 01:49:00,5.313,92.791
"2/1/2021 2:49",2021-01-02 02:49:00,3.25,99.457
"2/1/2021 3:49",2021-01-02 03:49:00,3.313,102.931
"2/1/2021 4:49",2021-01-02 04:49:00,4.438,101.334
"2/1/2021 5:49",2021-01-02 05:49:00,5.125,101.933
"2/1/2021 6:49",2021-01-02 06:49:00,3.688,104.567
"2/1/2021 7:49",2021-01-02 07:49:00,6.313,100.256
"2/1/2021 8:49",2021-01-02 08:49:00,10.125,91.992
"2/1/2021 9:49",2021-01-02 09:49:00,8.813,90.435
"2/1/2021 10:49",2021-01-02 10:49:00,18.938,51.113
"2/1/2021 11:49",2021-01-02 11:49:00,22.375,38.098
"2/1/2021 12:49",2021-01-02 12:49:00,21.375,34.066
"2/1/2021 13:49",2021-01-02 13:49:00,21,41.252
"2/1/2021 14:49",2021-01-02 14:49:00,17.438,55.863
"2/1/2021 15:49",2021-01-02 15:49:00,14,72.431
"2/1/2021 16:49",2021-01-02 16:49:00,10.438,87.76
"2/1/2021 17:49",2021-01-02 17:49:00,9,97.741
"2/1/2021 18:49",2021-01-02 18:49:00,7.75,101.733
"2/1/2021 19:49",2021-01-02 19:49:00,6.813,104.567
"2/1/2021 20:49",2021-01-02 20:49:00,6.688,105.605
"2/1/2021 21:49",2021-01-02 21:49:00,7.25,107.322
"2/1/2021 22:49",2021-01-02 22:49:00,5.125,109.717
"2/1/2021 23:49",2021-01-02 23:49:00,4.25,111.035
"3/1/2021 0:49",2021-01-03 00:49:00,3.688,111.633
"3/1/2021 1:49",2021-01-03 01:49:00,3.063,111.993
"3/1/2021 2:49",2021-01-03 02:49:00,3.125,113.071
"3/1/2021 3:49",2021-01-03 03:49:00,2.75,112.392
"3/1/2021 4:49",2021-01-03 04:49:00,2.875,113.35
"3/1/2021 5:49",2021-01-03 05:49:00,3.063,113.31
"3/1/2021 6:49",2021-01-03 06:49:00,3.438,112.472
"3/1/2021 7:49",2021-01-03 07:49:00,6,112.671
"3/1/2021 8:49",2021-01-03 08:49:00,6,112.272
"3/1/2021 9:49",2021-01-03 09:49:00,9,110.915
"3/1/2021 10:49",2021-01-03 10:49:00,16.813,98.38
"3/1/2021 11:49",2021-01-03 11:49:00,19.688,58.458
"3/1/2021 12:49",2021-01-03 12:49:00,20.438,48.757
"3/1/2021 13:49",2021-01-03 13:49:00,20.375,48.837
"3/1/2021 14:49",2021-01-03 14:49:00,17.625,61.213
"3/1/2021 15:49",2021-01-03 15:49:00,13.875,78.379
"3/1/2021 16:49",2021-01-03 16:49:00,12.375,90.355
"3/1/2021 17:49",2021-01-03 17:49:00,11.125,97.022
"3/1/2021 18:49",2021-01-03 18:49:00,7.688,104.208
"3/1/2021 19:49",2021-01-03 19:49:00,7.063,106.723
"3/1/2021 20:49",2021-01-03 20:49:00,9.063,107.202
"3/1/2021 21:49",2021-01-03 21:49:00,8.688,107.242
"3/1/2021 22:49",2021-01-03 22:49:00,6.625,109.518
"3/1/2021 23:49",2021-01-03 23:49:00,5.75,111.793
"4/1/2021 0:49",2021-01-04 00:49:00,5.5,110.995
"4/1/2021 1:49",2021-01-04 01:49:00,5.25,111.394
"4/1/2021 2:49",2021-01-04 02:49:00,6.125,112.272
"4/1/2021 3:49",2021-01-04 03:49:00,5.563,112.671
"4/1/2021 4:49",2021-01-04 04:49:00,8.313,111.354
"4/1/2021 5:49",2021-01-04 05:49:00,6.625,112.871
"4/1/2021 6:49",2021-01-04 06:49:00,5,112.991
"4/1/2021 7:49",2021-01-04 07:49:00,5.313,113.071
"4/1/2021 8:49",2021-01-04 08:49:00,9.563,111.114
"4/1/2021 9:49",2021-01-04 09:49:00,10.25,111.713
"4/1/2021 10:49",2021-01-04 10:49:00,17.125,103.649
"4/1/2021 11:49",2021-01-04 11:49:00,18.625,99.338
"4/1/2021 12:49",2021-01-04 12:49:00,19,76.463
"4/1/2021 13:49",2021-01-04 13:49:00,18.188,78.02
"4/1/2021 14:49",2021-01-04 14:49:00,16.5,84.247
"4/1/2021 15:49",2021-01-04 15:49:00,14.313,90.834
"4/1/2021 16:49",2021-01-04 16:49:00,10.688,100.056
"4/1/2021 17:49",2021-01-04 17:49:00,8.938,105.286
"4/1/2021 18:49",2021-01-04 18:49:00,7.563,108.12
"4/1/2021 19:49",2021-01-04 19:49:00,6.75,109.677
"4/1/2021 20:49",2021-01-04 20:49:00,5.813,110.955
"4/1/2021 21:49",2021-01-04 21:49:00,5.875,111.594
"4/1/2021 22:49",2021-01-04 22:49:00,5.063,112.552
"4/1/2021 23:49",2021-01-04 23:49:00,4.5,113.35
"5/1/2021 0:49",2021-01-05 00:49:00,4.063,113.789
"5/1/2021 1:49",2021-01-05 01:49:00,3.5,114.348
"5/1/2021 2:49",2021-01-05 02:49:00,4.375,113.35
"5/1/2021 3:49",2021-01-05 03:49:00,6.188,112.152
"5/1/2021 4:49",2021-01-05 04:49:00,7.5,111.953
"5/1/2021 5:49",2021-01-05 05:49:00,6.875,112.791
"5/1/2021 6:49",2021-01-05 06:49:00,4,114.428
"5/1/2021 7:49",2021-01-05 07:49:00,4.313,113.43
"5/1/2021 8:49",2021-01-05 08:49:00,9.188,112.232
"5/1/2021 9:49",2021-01-05 09:49:00,9.313,113.15
"5/1/2021 10:49",2021-01-05 10:49:00,18.5,104.647
"5/1/2021 11:49",2021-01-05 11:49:00,17.313,104.967
"5/1/2021 12:49",2021-01-05 12:49:00,18.063,100.974
"5/1/2021 13:49",2021-01-05 13:49:00,18.25,88.719
"5/1/2021 14:49",2021-01-05 14:49:00,16.125,84.048
"5/1/2021 15:49",2021-01-05 15:49:00,14,91.433
"5/1/2021 16:49",2021-01-05 16:49:00,9.5,102.292
"5/1/2021 17:49",2021-01-05 17:49:00,7.563,107.402
"5/1/2021 18:49",2021-01-05 18:49:00,7,109.438
"5/1/2021 19:49",2021-01-05 19:49:00,6.25,110.955
"5/1/2021 20:49",2021-01-05 20:49:00,5.875,112.631
"5/1/2021 21:49",2021-01-05 21:49:00,5,112.951
"5/1/2021 22:49",2021-01-05 22:49:00,5.75,112.631
"5/1/2021 23:49",2021-01-05 23:49:00,5.5,112.951
"6/1/2021 0:49",2021-01-06 00:49:00,7.313,112.432
"6/1/2021 1:49",2021-01-06 01:49:00,7.625,110.476
"6/1/2021 2:49",2021-01-06 02:49:00,6.563,111.953
"6/1/2021 3:49",2021-01-06 03:49:00,7,112.671
"6/1/2021 4:49",2021-01-06 04:49:00,8.75,110.995
"6/1/2021 5:49",2021-01-06 05:49:00,7.563,110.476
"6/1/2021 6:49",2021-01-06 06:49:00,6.875,109.757
"6/1/2021 7:49",2021-01-06 07:49:00,6.938,107.681
"6/1/2021 8:49",2021-01-06 08:49:00,11.25,98.34
"6/1/2021 9:49",2021-01-06 09:49:00,11.25,95.904
"6/1/2021 10:49",2021-01-06 10:49:00,22,61.732
"6/1/2021 11:49",2021-01-06 11:49:00,22.375,52.191
"6/1/2021 12:49",2021-01-06 12:49:00,23.375,47.839
"6/1/2021 13:49",2021-01-06 13:49:00,22,52.789
"6/1/2021 14:49",2021-01-06 14:49:00,18.938,56.742
"6/1/2021 15:49",2021-01-06 15:49:00,15.938,64.087
"6/1/2021 16:49",2021-01-06 16:49:00,10.875,83.728
"6/1/2021 17:49",2021-01-06 17:49:00,9,96.184
"6/1/2021 18:49",2021-01-06 18:49:00,7.188,101.853
"6/1/2021 19:49",2021-01-06 19:49:00,6.563,105.046
"6/1/2021 20:49",2021-01-06 20:49:00,8.438,99.657
"6/1/2021 21:49",2021-01-06 21:49:00,5.813,101.134
"6/1/2021 22:49",2021-01-06 22:49:00,5.25,101.174
"6/1/2021 23:49",2021-01-06 23:49:00,4.563,102.491
"7/1/2021 0:49",2021-01-07 00:49:00,5.5,101.733
"7/1/2021 1:49",2021-01-07 01:49:00,4,99.537
"7/1/2021 2:49",2021-01-07 02:49:00,4.25,103.21
"7/1/2021 3:49",2021-01-07 03:49:00,4.563,102.052
"7/1/2021 4:49",2021-01-07 04:49:00,4.063,99.537
"7/1/2021 5:49",2021-01-07 05:49:00,3.938,100.974
"7/1/2021 6:49",2021-01-07 06:49:00,3.813,101.014
"7/1/2021 7:49",2021-01-07 07:49:00,9.75,74.746
"7/1/2021 8:49",2021-01-07 08:49:00,11,71.792
"7/1/2021 9:49",2021-01-07 09:49:00,11.375,68.119
"7/1/2021 10:49",2021-01-07 10:49:00,22.375,49.835
"7/1/2021 11:49",2021-01-07 11:49:00,19.563,47.999
"7/1/2021 12:49",2021-01-07 12:49:00,22.75,43.328
"7/1/2021 13:49",2021-01-07 13:49:00,22.375,39.456
"7/1/2021 14:49",2021-01-07 14:49:00,19.313,56.981
"7/1/2021 15:49",2021-01-07 15:49:00,16.75,51.831
"7/1/2021 16:49",2021-01-07 16:49:00,12.813,78.339
"7/1/2021 17:49",2021-01-07 17:49:00,10.25,90.635
"7/1/2021 18:49",2021-01-07 18:49:00,8.438,98.3
"7/1/2021 19:49",2021-01-07 19:49:00,6.75,103.849
"7/1/2021 20:49",2021-01-07 20:49:00,5.375,101.334
"7/1/2021 21:49",2021-01-07 21:49:00,5.125,104.248
"7/1/2021 22:49",2021-01-07 22:49:00,5.375,106.324
"7/1/2021 23:49",2021-01-07 23:49:00,4.688,104.128
"8/1/2021 0:49",2021-01-08 00:49:00,4.5,103.29
"8/1/2021 1:49",2021-01-08 01:49:00,4.25,105.206
"8/1/2021 2:49",2021-01-08 02:49:00,4.375,106.883
"8/1/2021 3:49",2021-01-08 03:49:00,6.375,103.969
"8/1/2021 4:49",2021-01-08 04:49:00,4.813,103.17
"8/1/2021 5:49",2021-01-08 05:49:00,5.25,100.455
"8/1/2021 6:49",2021-01-08 06:49:00,3.813,100.176
"8/1/2021 7:49",2021-01-08 07:49:00,5.188,101.254
"8/1/2021 8:49",2021-01-08 08:49:00,10.625,92.791
"8/1/2021 9:49",2021-01-08 09:49:00,9.813,89.637
"8/1/2021 10:49",2021-01-08 10:49:00,22.25,55.304
"8/1/2021 11:49",2021-01-08 11:49:00,22.375,39.416
"8/1/2021 12:49",2021-01-08 12:49:00,21.875,40.214
"8/1/2021 13:49",2021-01-08 13:49:00,21,49.276
"8/1/2021 14:49",2021-01-08 14:49:00,19.25,51.073
"8/1/2021 15:49",2021-01-08 15:49:00,16.125,53.149
"8/1/2021 16:49",2021-01-08 16:49:00,11.063,81.094
"8/1/2021 17:49",2021-01-08 17:49:00,7.5,97.062
"8/1/2021 18:49",2021-01-08 18:49:00,6.75,100.455
"8/1/2021 19:49",2021-01-08 19:49:00,5.375,98.18
"8/1/2021 20:49",2021-01-08 20:49:00,4.688,101.453
"8/1/2021 21:49",2021-01-08 21:49:00,4.688,99.936
"8/1/2021 22:49",2021-01-08 22:49:00,3.688,100.815
"8/1/2021 23:49",2021-01-08 23:49:00,4,99.218
"9/1/2021 0:49",2021-01-09 00:49:00,2.875,97.102
"9/1/2021 1:49",2021-01-09 01:49:00,2.25,99.497
"9/1/2021 2:49",2021-01-09 02:49:00,2.438,98.739
"9/1/2021 3:49",2021-01-09 03:49:00,2,99.777
"9/1/2021 4:49",2021-01-09 04:49:00,2.313,97.661
"9/1/2021 5:49",2021-01-09 05:49:00,2.438,99.138
"9/1/2021 6:49",2021-01-09 06:49:00,2,102.092
"9/1/2021 7:49",2021-01-09 07:49:00,4.625,98.819
"9/1/2021 8:49",2021-01-09 08:49:00,10.688,80.255
"9/1/2021 9:49",2021-01-09 09:49:00,11.875,67.48
"9/1/2021 10:49",2021-01-09 10:49:00,21.063,29.795
"9/1/2021 11:49",2021-01-09 11:49:00,23.688,25.643
"9/1/2021 12:49",2021-01-09 12:49:00,22.188,20.852
"9/1/2021 13:49",2021-01-09 13:49:00,21.563,18.657
"9/1/2021 14:49",2021-01-09 14:49:00,19.375,20.453
"9/1/2021 15:49",2021-01-09 15:49:00,17.313,19.056
"9/1/2021 16:49",2021-01-09 16:49:00,13.938,23.407
"9/1/2021 17:49",2021-01-09 17:49:00,9.375,37.939
"9/1/2021 18:49",2021-01-09 18:49:00,7.125,47.639
"9/1/2021 19:49",2021-01-09 19:49:00,8.25,49.276
"9/1/2021 20:49",2021-01-09 20:49:00,11.75,32.429
"9/1/2021 21:49",2021-01-09 21:49:00,10.875,27.998
"9/1/2021 22:49",2021-01-09 22:49:00,10.813,27.479
"9/1/2021 23:49",2021-01-09 23:49:00,10.438,29.196
"10/1/2021 0:49",2021-01-10 00:49:00,10.688,29.236
"10/1/2021 1:49",2021-01-10 01:49:00,11.563,25.124
"10/1/2021 2:49",2021-01-10 02:49:00,8.188,36.98
"10/1/2021 3:49",2021-01-10 03:49:00,7.313,48.438
"10/1/2021 4:49",2021-01-10 04:49:00,7.5,41.811
"10/1/2021 5:49",2021-01-10 05:49:00,8.75,34.865
"10/1/2021 6:49",2021-01-10 06:49:00,8,42.729
"10/1/2021 7:49",2021-01-10 07:49:00,8.813,38.897
"10/1/2021 8:49",2021-01-10 08:49:00,13.375,42.33
"10/1/2021 9:49",2021-01-10 09:49:00,12.938,36.501
"10/1/2021 10:49",2021-01-10 10:49:00,22.313,19.854
"10/1/2021 11:49",2021-01-10 11:49:00,21.25,18.776
"10/1/2021 12:49",2021-01-10 12:49:00,21.125,20.134
"10/1/2021 13:49",2021-01-10 13:49:00,20.25,23.048
"10/1/2021 14:49",2021-01-10 14:49:00,19.438,25.643
"10/1/2021 15:49",2021-01-10 15:49:00,16.438,32.789
"10/1/2021 16:49",2021-01-10 16:49:00,10.938,45.404
"10/1/2021 17:49",2021-01-10 17:49:00,7.313,63.887
"10/1/2021 18:49",2021-01-10 18:49:00,6.813,69.876
"10/1/2021 19:49",2021-01-10 19:49:00,5.625,74.986
"10/1/2021 20:49",2021-01-10 20:49:00,4.938,80.295
"10/1/2021 21:49",2021-01-10 21:49:00,3.875,81.932
"10/1/2021 22:49",2021-01-10 22:49:00,4.063,83.01
"10/1/2021 23:49",2021-01-10 23:49:00,4.875,71.193
"11/1/2021 0:49",2021-01-11 00:49:00,8.75,48.358
"11/1/2021 1:49",2021-01-11 01:49:00,10.313,37.34
"11/1/2021 2:49",2021-01-11 02:49:00,12.188,28.956
"11/1/2021 3:49",2021-01-11 03:49:00,10.313,31.91
"11/1/2021 4:49",2021-01-11 04:49:00,8.75,39.575
"11/1/2021 5:49",2021-01-11 05:49:00,7.875,40.054
"11/1/2021 6:49",2021-01-11 06:49:00,8.375,42.17
"11/1/2021 7:49",2021-01-11 07:49:00,10.75,33.787
"11/1/2021 8:49",2021-01-11 08:49:00,15.125,25.044
"11/1/2021 9:49",2021-01-11 09:49:00,14.125,29.675
"11/1/2021 10:49",2021-01-11 10:49:00,24.625,19.894
"11/1/2021 11:49",2021-01-11 11:49:00,26.563,22.729
"11/1/2021 12:49",2021-01-11 12:49:00,24.625,17.818
"11/1/2021 13:49",2021-01-11 13:49:00,23.625,20.293
"11/1/2021 14:49",2021-01-11 14:49:00,21.25,21.77
"11/1/2021 15:49",2021-01-11 15:49:00,18.313,28.477
"11/1/2021 16:49",2021-01-11 16:49:00,12.313,47.6
"11/1/2021 17:49",2021-01-11 17:49:00,8.75,62.131
"11/1/2021 18:49",2021-01-11 18:49:00,8.25,70.075
"11/1/2021 19:49",2021-01-11 19:49:00,6.688,66.482
"11/1/2021 20:49",2021-01-11 20:49:00,6.438,64.287
"11/1/2021 21:49",2021-01-11 21:49:00,5.313,69.836
"11/1/2021 22:49",2021-01-11 22:49:00,8.938,49.356
"11/1/2021 23:49",2021-01-11 23:49:00,11.625,34.545
"12/1/2021 0:49",2021-01-12 00:49:00,9.688,34.266
"12/1/2021 1:49",2021-01-12 01:49:00,5,54.546
"12/1/2021 2:49",2021-01-12 02:49:00,5.25,57.54
"12/1/2021 3:49",2021-01-12 03:49:00,6.563,52.35
"12/1/2021 4:49",2021-01-12 04:49:00,6.75,52.39
"12/1/2021 5:49",2021-01-12 05:49:00,4.563,55.384
"12/1/2021 6:49",2021-01-12 06:49:00,3.938,60.853
"12/1/2021 7:49",2021-01-12 07:49:00,5,61.931
"12/1/2021 8:49",2021-01-12 08:49:00,12.5,51.751
"12/1/2021 9:49",2021-01-12 09:49:00,11.125,43.647
"12/1/2021 10:49",2021-01-12 10:49:00,23.563,21.611
"12/1/2021 11:49",2021-01-12 11:49:00,25.688,16.78
"12/1/2021 12:49",2021-01-12 12:49:00,24.313,17.219
"12/1/2021 13:49",2021-01-12 13:49:00,22.625,19.655
"12/1/2021 14:49",2021-01-12 14:49:00,19.813,22.689
"12/1/2021 15:49",2021-01-12 15:49:00,16.625,28.956
"12/1/2021 16:49",2021-01-12 16:49:00,12.438,48.358
"12/1/2021 17:49",2021-01-12 17:49:00,8.063,59.416
"12/1/2021 18:49",2021-01-12 18:49:00,7.625,62.85
"12/1/2021 19:49",2021-01-12 19:49:00,6.438,70.514
"12/1/2021 20:49",2021-01-12 20:49:00,5.75,71.952
"12/1/2021 21:49",2021-01-12 21:49:00,5.125,73.708
"12/1/2021 22:49",2021-01-12 22:49:00,4.813,74.946
"12/1/2021 23:49",2021-01-12 23:49:00,4.938,75.505
"13/01/2021 00:49:01",2021-01-13 00:49:01,6.125,60.654
"13/01/2021 01:49:01",2021-01-13 01:49:01,5,61.732
"13/01/2021 02:49:01",2021-01-13 02:49:01,9.688,43.288
"13/01/2021 03:49:01",2021-01-13 03:49:01,7.875,39.895
"13/01/2021 04:49:01",2021-01-13 04:49:01,7.125,50.753
"13/01/2021 05:49:01",2021-01-13 05:49:01,5.875,59.576
"13/01/2021 06:49:01",2021-01-13 06:49:01,5.625,59.416
"13/01/2021 07:49:01",2021-01-13 07:49:01,5.75,65.644
"13/01/2021 08:49:01",2021-01-13 08:49:01,28.313,16.181
"13/01/2021 09:49:01",2021-01-13 09:49:01,11.938,49.117
"13/01/2021 10:49:01",2021-01-13 10:49:01,23.313,31.232
"13/01/2021 11:49:01",2021-01-13 11:49:01,27.313,23.607
"13/01/2021 12:49:01",2021-01-13 12:49:01,23.25,35.583
"13/01/2021 13:49:01",2021-01-13 13:49:01,26.125,26.761
"13/01/2021 14:49:01",2021-01-13 14:49:01,23.563,29.635
"13/01/2021 15:49:01",2021-01-13 15:49:01,18.625,39.935
"13/01/2021 16:49:01",2021-01-13 16:49:01,13.75,59.297
"13/01/2021 17:49:01",2021-01-13 17:49:01,10.438,73.509
"13/01/2021 18:49:01",2021-01-13 18:49:01,10.938,69.676
"13/01/2021 19:49:01",2021-01-13 19:49:01,8.313,79.457
"13/01/2021 20:49:01",2021-01-13 20:49:01,7.688,79.297
"13/01/2021 21:49:01",2021-01-13 21:49:01,7.25,80.894
"13/01/2021 22:49:01",2021-01-13 22:49:01,7.875,73.029
"13/01/2021 23:49:01",2021-01-13 23:49:01,7.75,74.666
"14/01/2021 00:49:01",2021-01-14 00:49:01,7.938,69.876
"14/01/2021 01:49:01",2021-01-14 01:49:01,7.563,68.518
"14/01/2021 02:49:01",2021-01-14 02:49:01,7.688,69.277
"14/01/2021 03:49:01",2021-01-14 03:49:01,8.375,67.959
"14/01/2021 04:49:01",2021-01-14 04:49:01,9.563,61.492
"14/01/2021 05:49:01",2021-01-14 05:49:01,15.313,46.202
"14/01/2021 06:49:01",2021-01-14 06:49:01,12.813,48.158
"14/01/2021 07:49:01",2021-01-14 07:49:01,14.625,51.831
"14/01/2021 08:49:01",2021-01-14 08:49:01,20.313,34.226
"14/01/2021 09:49:01",2021-01-14 09:49:01,21.125,27.799
"14/01/2021 10:49:01",2021-01-14 10:49:01,28.938,19.854
"14/01/2021 11:49:01",2021-01-14 11:49:01,31.188,20.134
"14/01/2021 12:49:01",2021-01-14 12:49:01,29.125,20.373
"14/01/2021 13:49:01",2021-01-14 13:49:01,28.313,20.373
"14/01/2021 14:49:01",2021-01-14 14:49:01,26.625,15.263
"14/01/2021 15:49:01",2021-01-14 15:49:01,24.813,12.309
"14/01/2021 16:49:01",2021-01-14 16:49:01,21,15.423
"14/01/2021 17:49:01",2021-01-14 17:49:01,20.5,13.946
"14/01/2021 18:49:01",2021-01-14 18:49:01,19.813,15.263
"14/01/2021 19:49:01",2021-01-14 19:49:01,17.063,21.81
"14/01/2021 20:49:01",2021-01-14 20:49:01,20.75,13.626
"14/01/2021 21:49:01",2021-01-14 21:49:01,20,14.145
"14/01/2021 22:49:01",2021-01-14 22:49:01,18.625,16.261
"14/01/2021 23:49:01",2021-01-14 23:49:01,19.375,15.702
"15/01/2021 00:49:01",2021-01-15 00:49:01,20.125,15.064
"15/01/2021 01:49:01",2021-01-15 01:49:01,20.313,15.143
"15/01/2021 02:49:01",2021-01-15 02:49:01,19.563,15.742
"15/01/2021 03:49:01",2021-01-15 03:49:01,20.5,14.026
"15/01/2021 04:49:01",2021-01-15 04:49:01,20.313,14.744
"15/01/2021 05:49:01",2021-01-15 05:49:01,20.438,13.108
"15/01/2021 06:49:01",2021-01-15 06:49:01,18.5,14.625
"15/01/2021 07:49:01",2021-01-15 07:49:01,18.188,16.022
"15/01/2021 08:49:01",2021-01-15 08:49:01,22.938,13.108
"15/01/2021 09:49:01",2021-01-15 09:49:01,22.188,14.345
"15/01/2021 10:49:01",2021-01-15 10:49:01,31.438,9.994
"15/01/2021 11:49:01",2021-01-15 11:49:01,31.75,8.437
"15/01/2021 12:49:01",2021-01-15 12:49:01,31.563,7.718
"15/01/2021 13:49:01",2021-01-15 13:49:01,30.438,9.115
"15/01/2021 14:49:01",2021-01-15 14:49:01,28,11.59
"15/01/2021 15:49:01",2021-01-15 15:49:01,26,13.267
"15/01/2021 16:49:01",2021-01-15 16:49:01,19.125,24.804
"15/01/2021 17:49:01",2021-01-15 17:49:01,18.938,15.343
"15/01/2021 18:49:01",2021-01-15 18:49:01,13,28.677
"15/01/2021 19:49:01",2021-01-15 19:49:01,17,21.331
"15/01/2021 20:49:01",2021-01-15 20:49:01,12.625,28.038
"15/01/2021 21:49:01",2021-01-15 21:49:01,10.875,32.07
"15/01/2021 22:49:01",2021-01-15 22:49:01,12.25,30.912
"15/01/2021 23:49:01",2021-01-15 23:49:01,10.813,33.787
"16/01/2021 00:49:01",2021-01-16 00:49:01,10.813,31.95
"16/01/2021 01:49:01",2021-01-16 01:49:01,15.75,19.455
"16/01/2021 02:49:01",2021-01-16 02:49:01,10.5,29.196
"16/01/2021 03:49:01",2021-01-16 03:49:01,9.688,34.266
"16/01/2021 04:49:01",2021-01-16 04:49:01,9.875,32.39
"16/01/2021 05:49:01",2021-01-16 05:49:01,9.688,35.264
"16/01/2021 06:49:01",2021-01-16 06:49:01,9.313,36.581
"16/01/2021 07:49:01",2021-01-16 07:49:01,10.625,36.541
"16/01/2021 08:49:01",2021-01-16 08:49:01,19,27.838
"16/01/2021 09:49:01",2021-01-16 09:49:01,19.063,21.651
"16/01/2021 10:49:01",2021-01-16 10:49:01,30.875,14.505
"16/01/2021 11:49:01",2021-01-16 11:49:01,32.438,11.79
"16/01/2021 12:49:01",2021-01-16 12:49:01,31.938,10.513
"16/01/2021 13:49:01",2021-01-16 13:49:01,30.438,13.587
"16/01/2021 14:49:01",2021-01-16 14:49:01,28.313,15.183
"16/01/2021 15:49:01",2021-01-16 15:49:01,25.938,15.183
"16/01/2021 16:49:01",2021-01-16 16:49:01,20.688,22.289
"16/01/2021 17:49:01",2021-01-16 17:49:01,16.75,27.719
"16/01/2021 18:49:01",2021-01-16 18:49:01,17.625,24.964
"16/01/2021 19:49:01",2021-01-16 19:49:01,18.5,21.89
"16/01/2021 20:49:01",2021-01-16 20:49:01,18.813,19.894
"16/01/2021 21:49:01",2021-01-16 21:49:01,18.5,19.974
"16/01/2021 22:49:01",2021-01-16 22:49:01,18.375,19.176
"16/01/2021 23:49:01",2021-01-16 23:49:01,18.688,17.459
"17/01/2021 00:49:01",2021-01-17 00:49:01,18.563,17.259
"17/01/2021 01:49:01",2021-01-17 01:49:01,17.25,18.896
"17/01/2021 02:49:01",2021-01-17 02:49:01,17.188,19.495
"17/01/2021 03:49:01",2021-01-17 03:49:01,16.813,18.936
"17/01/2021 04:49:01",2021-01-17 04:49:01,17.188,18.816
"17/01/2021 05:49:01",2021-01-17 05:49:01,17.125,18.297
"17/01/2021 06:49:01",2021-01-17 06:49:01,17.938,16.74
"17/01/2021 07:49:01",2021-01-17 07:49:01,17.188,19.096
"17/01/2021 08:49:01",2021-01-17 08:49:01,22,14.545
"17/01/2021 09:49:01",2021-01-17 09:49:01,20.938,16.022
"17/01/2021 10:49:01",2021-01-17 10:49:01,29.375,9.634
"17/01/2021 11:49:01",2021-01-17 11:49:01,32.063,9.275
"17/01/2021 12:49:01",2021-01-17 12:49:01,32.375,11.032
"17/01/2021 13:49:01",2021-01-17 13:49:01,30.438,14.704
"17/01/2021 14:49:01",2021-01-17 14:49:01,27.5,13.347
"17/01/2021 15:49:01",2021-01-17 15:49:01,24.063,16.86
"17/01/2021 16:49:01",2021-01-17 16:49:01,18.625,19.734
"17/01/2021 17:49:01",2021-01-17 17:49:01,12.375,32.429
"17/01/2021 18:49:01",2021-01-17 18:49:01,11.063,35.024
"17/01/2021 19:49:01",2021-01-17 19:49:01,10.125,37.779
"17/01/2021 20:49:01",2021-01-17 20:49:01,9.375,39.176
"17/01/2021 21:49:01",2021-01-17 21:49:01,9,40.533
"17/01/2021 22:49:01",2021-01-17 22:49:01,8.813,39.456
"17/01/2021 23:49:01",2021-01-17 23:49:01,8.313,42.569
"18/01/2021 00:49:01",2021-01-18 00:49:01,8.063,43.328
"18/01/2021 01:49:01",2021-01-18 01:49:01,7.5,44.126
"18/01/2021 02:49:01",2021-01-18 02:49:01,6.875,47.28
"18/01/2021 03:49:01",2021-01-18 03:49:01,8.188,43.128
"18/01/2021 04:49:01",2021-01-18 04:49:01,7.063,47.44
"18/01/2021 05:49:01",2021-01-18 05:49:01,6.063,50.953
"18/01/2021 06:49:01",2021-01-18 06:49:01,5.813,52.27
"18/01/2021 07:49:01",2021-01-18 07:49:01,11.438,41.172
"18/01/2021 08:49:01",2021-01-18 08:49:01,17.938,27.719
"18/01/2021 09:49:01",2021-01-18 09:49:01,17,27.479
"18/01/2021 10:49:01",2021-01-18 10:49:01,27.875,17.539
"18/01/2021 11:49:01",2021-01-18 11:49:01,27.813,13.028
"18/01/2021 12:49:01",2021-01-18 12:49:01,27.938,12.549
"18/01/2021 13:49:01",2021-01-18 13:49:01,26.563,23.767
"18/01/2021 14:49:01",2021-01-18 14:49:01,23.188,25.563
"18/01/2021 15:49:01",2021-01-18 15:49:01,20.688,24.565
"18/01/2021 16:49:01",2021-01-18 16:49:01,15.813,25.443
"18/01/2021 17:49:01",2021-01-18 17:49:01,11.25,41.811
"18/01/2021 18:49:01",2021-01-18 18:49:01,10.125,52.39
"18/01/2021 19:49:01",2021-01-18 19:49:01,7.813,62.57
"18/01/2021 20:49:01",2021-01-18 20:49:01,5.875,72.63
"18/01/2021 21:49:01",2021-01-18 21:49:01,6.188,84.168
"18/01/2021 22:49:01",2021-01-18 22:49:01,5.313,90.675
"18/01/2021 23:49:01",2021-01-18 23:49:01,6.563,92.99
"19/01/2021 00:49:01",2021-01-19 00:49:01,3.5,99.058
"19/01/2021 01:49:01",2021-01-19 01:49:01,3.5,101.254
"19/01/2021 02:49:01",2021-01-19 02:49:01,5,101.094
"19/01/2021 03:49:01",2021-01-19 03:49:01,5.25,100.016
"19/01/2021 04:49:01",2021-01-19 04:49:01,5.375,102.212
"19/01/2021 05:49:01",2021-01-19 05:49:01,6.25,104.368
"19/01/2021 06:49:01",2021-01-19 06:49:01,6.313,79.816
"19/01/2021 07:49:01",2021-01-19 07:49:01,10.438,45.603
"19/01/2021 08:49:01",2021-01-19 08:49:01,13.5,25.683
"19/01/2021 09:49:01",2021-01-19 09:49:01,15.438,20.693
"19/01/2021 10:49:01",2021-01-19 10:49:01,19.188,16.022
"19/01/2021 11:49:01",2021-01-19 11:49:01,23.25,14.345
"19/01/2021 12:49:01",2021-01-19 12:49:01,22.688,11.59
"19/01/2021 13:49:01",2021-01-19 13:49:01,19.875,15.742
"19/01/2021 14:49:01",2021-01-19 14:49:01,16.063,22.09
"19/01/2021 15:49:01",2021-01-19 15:49:01,14.5,31.91
"19/01/2021 16:49:01",2021-01-19 16:49:01,12.875,34.944
"19/01/2021 17:49:01",2021-01-19 17:49:01,12.563,38.737
"19/01/2021 18:49:01",2021-01-19 18:49:01,13,36.501
"19/01/2021 19:49:01",2021-01-19 19:49:01,13.125,39.136
"19/01/2021 20:49:01",2021-01-19 20:49:01,13.438,40.254
"19/01/2021 21:49:01",2021-01-19 21:49:01,13.375,41.013
"19/01/2021 22:49:01",2021-01-19 22:49:01,12.438,40.973
"19/01/2021 23:49:01",2021-01-19 23:49:01,12.938,38.737
"20/01/2021 00:49:01",2021-01-20 00:49:01,12.625,39.216
"20/01/2021 01:49:01",2021-01-20 01:49:01,13.063,40.134
"20/01/2021 02:49:01",2021-01-20 02:49:01,13.688,40.174
"20/01/2021 03:49:01",2021-01-20 03:49:01,13.5,41.292
"20/01/2021 04:49:01",2021-01-20 04:49:01,13.25,43.088
"20/01/2021 05:49:01",2021-01-20 05:49:01,13.375,43.528
"20/01/2021 06:49:01",2021-01-20 06:49:01,13,49.675
"20/01/2021 07:49:01",2021-01-20 07:49:01,13.563,53.468
"20/01/2021 08:49:01",2021-01-20 08:49:01,16.938,43.368
"20/01/2021 09:49:01",2021-01-20 09:49:01,16.75,43.049
"20/01/2021 10:49:01",2021-01-20 10:49:01,22.938,29.835
"20/01/2021 11:49:01",2021-01-20 11:49:01,24.375,25.643
"20/01/2021 12:49:01",2021-01-20 12:49:01,24,25.124
"20/01/2021 13:49:01",2021-01-20 13:49:01,23.25,26.92
"20/01/2021 14:49:01",2021-01-20 14:49:01,21.188,29.356
"20/01/2021 15:49:01",2021-01-20 15:49:01,19.125,33.946
"20/01/2021 16:49:01",2021-01-20 16:49:01,15.75,40.893
"20/01/2021 17:49:01",2021-01-20 17:49:01,13.75,49.276
"20/01/2021 18:49:01",2021-01-20 18:49:01,12.75,53.708
"20/01/2021 19:49:01",2021-01-20 19:49:01,13.313,51.991
"20/01/2021 20:49:01",2021-01-20 20:49:01,12.313,56.302
"20/01/2021 21:49:01",2021-01-20 21:49:01,11.813,59.776
"20/01/2021 22:49:01",2021-01-20 22:49:01,12.188,58.338
"20/01/2021 23:49:01",2021-01-20 23:49:01,12.125,60.135
"21/01/2021 00:49:01",2021-01-21 00:49:01,11.438,62.969
"21/01/2021 01:49:01",2021-01-21 01:49:01,11.438,62.41
"21/01/2021 02:49:01",2021-01-21 02:49:01,13.188,58.578
"21/01/2021 03:49:01",2021-01-21 03:49:01,12.188,58.817
"21/01/2021 04:49:01",2021-01-21 04:49:01,9.813,69.037
"21/01/2021 05:49:01",2021-01-21 05:49:01,9.125,73.469
"21/01/2021 06:49:01",2021-01-21 06:49:01,7.125,79.377
"21/01/2021 07:49:01",2021-01-21 07:49:01,7.563,82.73
"21/01/2021 08:49:01",2021-01-21 08:49:01,16.813,64.087
"21/01/2021 09:49:01",2021-01-21 09:49:01,14.5,60.853
"21/01/2021 10:49:01",2021-01-21 10:49:01,24.875,37.579
"21/01/2021 11:49:01",2021-01-21 11:49:01,26.75,28.517
"21/01/2021 12:49:01",2021-01-21 12:49:01,26.063,29.276
"21/01/2021 13:49:01",2021-01-21 13:49:01,24.125,32.03
"21/01/2021 14:49:01",2021-01-21 14:49:01,22.25,36.262
"21/01/2021 15:49:01",2021-01-21 15:49:01,19.438,43.887
"21/01/2021 16:49:01",2021-01-21 16:49:01,15,57.78
"21/01/2021 17:49:01",2021-01-21 17:49:01,10.125,71.153
"21/01/2021 18:49:01",2021-01-21 18:49:01,7.563,81.852
"21/01/2021 19:49:01",2021-01-21 19:49:01,6.563,86.723
"21/01/2021 20:49:01",2021-01-21 20:49:01,6.125,90.675
"21/01/2021 21:49:01",2021-01-21 21:49:01,5.563,93.549
"21/01/2021 22:49:01",2021-01-21 22:49:01,5.125,96.703
"21/01/2021 23:49:01",2021-01-21 23:49:01,5.063,96.104
"22/01/2021 00:49:01",2021-01-22 00:49:01,4.438,97.421
"22/01/2021 01:49:01",2021-01-22 01:49:01,7,99.417
"22/01/2021 02:49:01",2021-01-22 02:49:01,7.313,99.777
"22/01/2021 03:49:01",2021-01-22 03:49:01,6.625,100.416
"22/01/2021 04:49:01",2021-01-22 04:49:01,5.5,102.252
"22/01/2021 05:49:01",2021-01-22 05:49:01,7.25,105.246
"22/01/2021 06:49:01",2021-01-22 06:49:01,5.25,107.042
"22/01/2021 07:49:01",2021-01-22 07:49:01,9.125,102.97
"22/01/2021 08:49:01",2021-01-22 08:49:01,13.438,91.074
"22/01/2021 09:49:01",2021-01-22 09:49:01,14.375,88.878
"22/01/2021 10:49:01",2021-01-22 10:49:01,18.125,69.357
"22/01/2021 11:49:01",2021-01-22 11:49:01,17,70.395
"22/01/2021 12:49:01",2021-01-22 12:49:01,16.438,68.798
"22/01/2021 13:49:01",2021-01-22 13:49:01,14.438,72.431
"22/01/2021 14:49:01",2021-01-22 14:49:01,13.375,71.353
"22/01/2021 15:49:01",2021-01-22 15:49:01,12.938,60.893
"22/01/2021 16:49:01",2021-01-22 16:49:01,11,74.706
"22/01/2021 17:49:01",2021-01-22 17:49:01,10.5,79.337
"22/01/2021 18:49:01",2021-01-22 18:49:01,10.625,82.171
"22/01/2021 19:49:01",2021-01-22 19:49:01,9.5,88.479
"22/01/2021 20:49:01",2021-01-22 20:49:01,9.5,96.264
"22/01/2021 21:49:01",2021-01-22 21:49:01,9.438,103.21
"22/01/2021 22:49:01",2021-01-22 22:49:01,9.125,108.16
"22/01/2021 23:49:01",2021-01-22 23:49:01,8.688,107.961
"23/01/2021 00:49:01",2021-01-23 00:49:01,8.188,109.797
"23/01/2021 01:49:01",2021-01-23 01:49:01,5.813,112.552
"23/01/2021 02:49:01",2021-01-23 02:49:01,7.375,111.594
"23/01/2021 03:49:01",2021-01-23 03:49:01,7.125,112.512
"23/01/2021 04:49:01",2021-01-23 04:49:01,6.75,114.228
"23/01/2021 05:49:01",2021-01-23 05:49:01,7.563,111.554
"23/01/2021 06:49:01",2021-01-23 06:49:01,7.313,112.512
"23/01/2021 07:49:01",2021-01-23 07:49:01,8.938,112.392
"23/01/2021 08:49:01",2021-01-23 08:49:01,11.75,109.558
"23/01/2021 09:49:01",2021-01-23 09:49:01,13.375,106.723
"23/01/2021 10:49:01",2021-01-23 10:49:01,9.625,108.28
"23/01/2021 11:49:01",2021-01-23 11:49:01,8.75,110.795
"23/01/2021 12:49:01",2021-01-23 12:49:01,8.5,111.713
"23/01/2021 13:49:01",2021-01-23 13:49:01,8.938,110.955
"23/01/2021 14:49:01",2021-01-23 14:49:01,10,111.554
"23/01/2021 15:49:01",2021-01-23 15:49:01,9.875,112.312
"23/01/2021 16:49:01",2021-01-23 16:49:01,7.938,112.791
"23/01/2021 17:49:01",2021-01-23 17:49:01,6.938,113.59
"23/01/2021 18:49:01",2021-01-23 18:49:01,5.875,114.588
"23/01/2021 19:49:01",2021-01-23 19:49:01,4.938,115.147
"23/01/2021 20:49:01",2021-01-23 20:49:01,6.313,113.989
"23/01/2021 21:49:01",2021-01-23 21:49:01,3.25,115.745
"23/01/2021 22:49:01",2021-01-23 22:49:01,3.75,116.105
"23/01/2021 23:49:01",2021-01-23 23:49:01,5.813,114.907
"24/01/2021 00:49:01",2021-01-24 00:49:01,5.5,114.628
"24/01/2021 01:49:01",2021-01-24 01:49:01,5.875,115.107
"24/01/2021 02:49:01",2021-01-24 02:49:01,5.875,114.588
"24/01/2021 03:49:01",2021-01-24 03:49:01,3.625,114.987
"24/01/2021 04:49:01",2021-01-24 04:49:01,2.063,115.226
"24/01/2021 05:49:01",2021-01-24 05:49:01,2.375,116.424
"24/01/2021 06:49:01",2021-01-24 06:49:01,1.438,117.023
"24/01/2021 07:49:01",2021-01-24 07:49:01,1.875,117.183
"24/01/2021 08:49:01",2021-01-24 08:49:01,12,111.953
"24/01/2021 09:49:01",2021-01-24 09:49:01,7.875,114.628
"24/01/2021 10:49:01",2021-01-24 10:49:01,16.375,108.559
"24/01/2021 11:49:01",2021-01-24 11:49:01,19.375,107.841
"24/01/2021 12:49:01",2021-01-24 12:49:01,14.25,105.126
"24/01/2021 13:49:01",2021-01-24 13:49:01,15,107.242
"24/01/2021 14:49:01",2021-01-24 14:49:01,14.375,109.478
"24/01/2021 15:49:01",2021-01-24 15:49:01,9.25,113.55
"24/01/2021 16:49:01",2021-01-24 16:49:01,8.563,113.709
"24/01/2021 17:49:01",2021-01-24 17:49:01,8.188,112.991
"24/01/2021 18:49:01",2021-01-24 18:49:01,6.938,114.228
"24/01/2021 19:49:01",2021-01-24 19:49:01,8.125,112.871
"24/01/2021 20:49:01",2021-01-24 20:49:01,8,113.909
"24/01/2021 21:49:01",2021-01-24 21:49:01,7.875,113.789
"24/01/2021 22:49:01",2021-01-24 22:49:01,7.688,114.029
"24/01/2021 23:49:01",2021-01-24 23:49:01,7.5,114.308
"25/01/2021 00:49:01",2021-01-25 00:49:01,7.375,113.989
"25/01/2021 01:49:01",2021-01-25 01:49:01,7.188,114.588
"25/01/2021 02:49:01",2021-01-25 02:49:01,7.5,114.069
"25/01/2021 03:49:01",2021-01-25 03:49:01,6.563,114.388
"25/01/2021 04:49:01",2021-01-25 04:49:01,6.563,114.947
"25/01/2021 05:49:01",2021-01-25 05:49:01,5.938,115.226
"25/01/2021 06:49:01",2021-01-25 06:49:01,5.375,115.865
"25/01/2021 07:49:01",2021-01-25 07:49:01,3,116.384
"25/01/2021 08:49:01",2021-01-25 08:49:01,10.438,112.472
"25/01/2021 09:49:01",2021-01-25 09:49:01,6.688,114.747
"25/01/2021 10:49:01",2021-01-25 10:49:01,11,110.835
"25/01/2021 11:49:01",2021-01-25 11:49:01,11.375,110.156
"25/01/2021 12:49:01",2021-01-25 12:49:01,8.063,112.073
"25/01/2021 13:49:01",2021-01-25 13:49:01,11.125,109.278
"25/01/2021 14:49:01",2021-01-25 14:49:01,9.688,112.152
"25/01/2021 15:49:01",2021-01-25 15:49:01,8.813,113.23
"25/01/2021 16:49:01",2021-01-25 16:49:01,6,113.869
"25/01/2021 17:49:01",2021-01-25 17:49:01,5.313,114.787
"25/01/2021 18:49:01",2021-01-25 18:49:01,4.313,115.985
"25/01/2021 19:49:01",2021-01-25 19:49:01,1.25,116.584
"25/01/2021 20:49:01",2021-01-25 20:49:01,0.938,116.943
"25/01/2021 21:49:01",2021-01-25 21:49:01,0.313,117.422
"25/01/2021 22:49:01",2021-01-25 22:49:01,-0.375,117.542
"25/01/2021 23:49:01",2021-01-25 23:49:01,-0.5,118.3
"26/01/2021 00:49:01",2021-01-26 00:49:01,-0.188,118.939
"26/01/2021 01:49:01",2021-01-26 01:49:01,-0.5,118.58
"26/01/2021 02:49:01",2021-01-26 02:49:01,-0.75,117.422
"26/01/2021 03:49:01",2021-01-26 03:49:01,-0.813,118.34
"26/01/2021 04:49:01",2021-01-26 04:49:01,-1.125,119.618
"26/01/2021 05:49:01",2021-01-26 05:49:01,-1.375,118.7
"26/01/2021 06:49:01",2021-01-26 06:49:01,-1.75,118.62
"26/01/2021 07:49:01",2021-01-26 07:49:01,-1.438,117.941
"26/01/2021 08:49:01",2021-01-26 08:49:01,8.188,113.51
"26/01/2021 09:49:01",2021-01-26 09:49:01,4.313,114.029
"26/01/2021 10:49:01",2021-01-26 10:49:01,12.5,106.803
"26/01/2021 11:49:01",2021-01-26 11:49:01,13.375,102.372
"26/01/2021 12:49:01",2021-01-26 12:49:01,13.688,101.214
"26/01/2021 13:49:01",2021-01-26 13:49:01,13.938,103.25
"26/01/2021 14:49:01",2021-01-26 14:49:01,10.438,99.777
"26/01/2021 15:49:01",2021-01-26 15:49:01,9.25,105.406
"26/01/2021 16:49:01",2021-01-26 16:49:01,6.125,110.875
"26/01/2021 17:49:01",2021-01-26 17:49:01,3.313,114.468
"26/01/2021 18:49:01",2021-01-26 18:49:01,2.063,115.107
"26/01/2021 19:49:01",2021-01-26 19:49:01,3.313,116.264
"26/01/2021 20:49:01",2021-01-26 20:49:01,3.188,115.466
"26/01/2021 21:49:01",2021-01-26 21:49:01,1.125,117.023
"26/01/2021 22:49:01",2021-01-26 22:49:01,0.688,116.224
"26/01/2021 23:49:01",2021-01-26 23:49:01,0.625,116.424
"27/01/2021 00:49:01",2021-01-27 00:49:01,3.188,115.825
"27/01/2021 01:49:01",2021-01-27 01:49:01,4.625,116.025
"27/01/2021 02:49:01",2021-01-27 02:49:01,4.563,115.186
"27/01/2021 03:49:01",2021-01-27 03:49:01,3.438,115.985
"27/01/2021 04:49:01",2021-01-27 04:49:01,3.813,116.025
"27/01/2021 05:49:01",2021-01-27 05:49:01,2.813,115.665
"27/01/2021 06:49:01",2021-01-27 06:49:01,2.313,116.145
"27/01/2021 07:49:01",2021-01-27 07:49:01,5.25,115.346
"27/01/2021 08:49:01",2021-01-27 08:49:01,8.125,114.548
"27/01/2021 09:49:01",2021-01-27 09:49:01,8.563,114.228
"27/01/2021 10:49:01",2021-01-27 10:49:01,13.25,111.713
"27/01/2021 11:49:01",2021-01-27 11:49:01,17.875,79.656
"27/01/2021 12:49:01",2021-01-27 12:49:01,17.875,77.78
"27/01/2021 13:49:01",2021-01-27 13:49:01,16.875,79.617
"27/01/2021 14:49:01",2021-01-27 14:49:01,14.438,86.164
"27/01/2021 15:49:01",2021-01-27 15:49:01,13.125,89.277
"27/01/2021 16:49:01",2021-01-27 16:49:01,9.25,89.317
"27/01/2021 17:49:01",2021-01-27 17:49:01,7.813,103.21
"27/01/2021 18:49:01",2021-01-27 18:49:01,7.313,107.841
"27/01/2021 19:49:01",2021-01-27 19:49:01,6.938,111.075
"27/01/2021 20:49:01",2021-01-27 20:49:01,4.813,112.791
"27/01/2021 21:49:01",2021-01-27 21:49:01,3.375,115.067
"27/01/2021 22:49:01",2021-01-27 22:49:01,2.375,115.147
"27/01/2021 23:49:01",2021-01-27 23:49:01,2.25,115.386
"28/01/2021 00:49:01",2021-01-28 00:49:01,1.75,115.426
"28/01/2021 01:49:01",2021-01-28 01:49:01,1.313,115.226
"28/01/2021 02:49:01",2021-01-28 02:49:01,1.813,114.827
"28/01/2021 03:49:01",2021-01-28 03:49:01,1.688,115.745
"28/01/2021 04:49:01",2021-01-28 04:49:01,1.688,116.184
"28/01/2021 05:49:01",2021-01-28 05:49:01,1.625,115.665
"28/01/2021 06:49:01",2021-01-28 06:49:01,1.813,115.945
"28/01/2021 07:49:01",2021-01-28 07:49:01,2.188,117.143
"28/01/2021 08:49:01",2021-01-28 08:49:01,10.813,112.272
"28/01/2021 09:49:01",2021-01-28 09:49:01,7.813,114.029
"28/01/2021 10:49:01",2021-01-28 10:49:01,16.25,108.959
"28/01/2021 11:49:01",2021-01-28 11:49:01,19.188,50.354
"28/01/2021 12:49:01",2021-01-28 12:49:01,18.313,48.957
"28/01/2021 13:49:01",2021-01-28 13:49:01,16.875,45.404
"28/01/2021 14:49:01",2021-01-28 14:49:01,14.563,48.358
"28/01/2021 15:49:01",2021-01-28 15:49:01,12.688,52.59
"28/01/2021 16:49:01",2021-01-28 16:49:01,10.438,73.469
"28/01/2021 17:49:01",2021-01-28 17:49:01,8.125,90.116
"28/01/2021 18:49:01",2021-01-28 18:49:01,8.688,92.95
"28/01/2021 19:49:01",2021-01-28 19:49:01,10,91.473
"28/01/2021 20:49:01",2021-01-28 20:49:01,10.438,94.028
"28/01/2021 21:49:01",2021-01-28 21:49:01,9.75,104.368
"28/01/2021 22:49:01",2021-01-28 22:49:01,8.5,109.837
"28/01/2021 23:49:01",2021-01-28 23:49:01,8.375,111.434
"29/01/2021 00:49:01",2021-01-29 00:49:01,8.25,111.953
"29/01/2021 01:49:01",2021-01-29 01:49:01,7.938,112.312
"29/01/2021 02:49:01",2021-01-29 02:49:01,7.813,113.669
"29/01/2021 03:49:01",2021-01-29 03:49:01,8.125,112.831
"29/01/2021 04:49:01",2021-01-29 04:49:01,7.938,113.071
"29/01/2021 05:49:01",2021-01-29 05:49:01,8.25,113.19
"29/01/2021 06:49:01",2021-01-29 06:49:01,7.563,112.711
"29/01/2021 07:49:01",2021-01-29 07:49:01,8.813,113.031
"29/01/2021 08:49:01",2021-01-29 08:49:01,8.375,113.27
"29/01/2021 09:49:01",2021-01-29 09:49:01,9.438,112.472
"29/01/2021 10:49:01",2021-01-29 10:49:01,18,100.695
"29/01/2021 11:49:01",2021-01-29 11:49:01,11.375,108.639
"29/01/2021 12:49:01",2021-01-29 12:49:01,10.125,111.753
"29/01/2021 13:49:01",2021-01-29 13:49:01,12.188,110.116
"29/01/2021 14:49:01",2021-01-29 14:49:01,13.063,109.558
"29/01/2021 15:49:01",2021-01-29 15:49:01,12.063,111.673
"29/01/2021 16:49:01",2021-01-29 16:49:01,10.25,112.192
"29/01/2021 17:49:01",2021-01-29 17:49:01,9.063,113.43
"29/01/2021 18:49:01",2021-01-29 18:49:01,8.375,114.029
"29/01/2021 19:49:01",2021-01-29 19:49:01,7.938,114.069
"29/01/2021 20:49:01",2021-01-29 20:49:01,7.688,113.31
"29/01/2021 21:49:01",2021-01-29 21:49:01,7.688,113.63
"29/01/2021 22:49:01",2021-01-29 22:49:01,5.125,115.626
"29/01/2021 23:49:01",2021-01-29 23:49:01,6,114.548
"30/01/2021 00:49:01",2021-01-30 00:49:01,6.125,115.386
"30/01/2021 01:49:01",2021-01-30 01:49:01,3.438,116.703
"30/01/2021 02:49:01",2021-01-30 02:49:01,2.875,116.664
"30/01/2021 03:49:01",2021-01-30 03:49:01,2.25,117.342
"30/01/2021 04:49:01",2021-01-30 04:49:01,2.813,117.662
"30/01/2021 05:49:01",2021-01-30 05:49:01,1.625,118.021
"30/01/2021 06:49:01",2021-01-30 06:49:01,1.25,118.66
"30/01/2021 07:49:01",2021-01-30 07:49:01,3.188,118.021
"30/01/2021 08:49:01",2021-01-30 08:49:01,14.375,110.955
"30/01/2021 09:49:01",2021-01-30 09:49:01,8.188,114.348
"30/01/2021 10:49:01",2021-01-30 10:49:01,18.875,107.721
"30/01/2021 11:49:01",2021-01-30 11:49:01,19.625,99.338
"30/01/2021 12:49:01",2021-01-30 12:49:01,18.938,102.372
"30/01/2021 13:49:01",2021-01-30 13:49:01,17.125,109.797
"30/01/2021 14:49:01",2021-01-30 14:49:01,15.25,110.995
"30/01/2021 15:49:01",2021-01-30 15:49:01,14,112.112
"30/01/2021 16:49:01",2021-01-30 16:49:01,11.563,113.23
"30/01/2021 17:49:01",2021-01-30 17:49:01,8.188,115.705
"30/01/2021 18:49:01",2021-01-30 18:49:01,6.75,115.346
"30/01/2021 19:49:01",2021-01-30 19:49:01,6.25,116.065
"30/01/2021 20:49:01",2021-01-30 20:49:01,6.188,116.464
"30/01/2021 21:49:01",2021-01-30 21:49:01,6.25,112.711
"30/01/2021 22:49:01",2021-01-30 22:49:01,4.938,112.991
"30/01/2021 23:49:01",2021-01-30 23:49:01,5.25,113.63
"31/01/2021 00:49:01",2021-01-31 00:49:01,5.688,113.51
"31/01/2021 01:49:01",2021-01-31 01:49:01,6.5,112.592
"31/01/2021 02:49:01",2021-01-31 02:49:01,6.188,112.871
"31/01/2021 03:49:01",2021-01-31 03:49:01,5.938,113.35
"31/01/2021 04:49:01",2021-01-31 04:49:01,6.5,113.59
"31/01/2021 05:49:01",2021-01-31 05:49:01,6.25,112.671
"31/01/2021 06:49:01",2021-01-31 06:49:01,6.75,111.753
"31/01/2021 07:49:01",2021-01-31 07:49:01,7.063,112.352
"31/01/2021 08:49:01",2021-01-31 08:49:01,11.438,110.635
"31/01/2021 09:49:01",2021-01-31 09:49:01,11.375,110.915
"31/01/2021 10:49:01",2021-01-31 10:49:01,17.313,109.039
"31/01/2021 11:49:01",2021-01-31 11:49:01,22.313,81.293
"31/01/2021 12:49:01",2021-01-31 12:49:01,21.938,75.824
"31/01/2021 13:49:01",2021-01-31 13:49:01,17.813,78.419
"31/01/2021 14:49:01",2021-01-31 14:49:01,17.25,86.523
"31/01/2021 15:49:01",2021-01-31 15:49:01,14.875,91.593
"31/01/2021 16:49:01",2021-01-31 16:49:01,13.125,105.206
"31/01/2021 17:49:01",2021-01-31 17:49:01,11.563,106.963
"31/01/2021 18:49:01",2021-01-31 18:49:01,10.938,108.44
"31/01/2021 19:49:01",2021-01-31 19:49:01,10.438,110.396
"31/01/2021 20:49:01",2021-01-31 20:49:01,10.688,108.759
"31/01/2021 21:49:01",2021-01-31 21:49:01,12.5,90.156
"31/01/2021 22:49:01",2021-01-31 22:49:01,10.125,98.1
"31/01/2021 23:49:01",2021-01-31 23:49:01,10.188,98.18
"1/2/2021 0:49",2021-02-01 00:49:00,10.063,104.008
"1/2/2021 1:49",2021-02-01 01:49:00,10.188,104.328
"1/2/2021 2:49",2021-02-01 02:49:00,11.063,103.05
"1/2/2021 3:49",2021-02-01 03:49:00,11.438,94.188
"1/2/2021 4:49",2021-02-01 04:49:00,11.313,97.9
"1/2/2021 5:49",2021-02-01 05:49:00,11.563,85.325
"1/2/2021 6:49",2021-02-01 06:49:00,11.625,94.587
"1/2/2021 7:49",2021-02-01 07:49:00,11.5,97.262
"1/2/2021 8:49",2021-02-01 08:49:00,12.25,101.294
"1/2/2021 9:49",2021-02-01 09:49:00,13.688,99.897
"1/2/2021 10:49",2021-02-01 10:49:00,15.313,94.827
"1/2/2021 11:49",2021-02-01 11:49:00,17.688,84.886
"1/2/2021 12:49",2021-02-01 12:49:00,17.125,85.884
"1/2/2021 13:49",2021-02-01 13:49:00,18,85.445
"1/2/2021 14:49",2021-02-01 14:49:00,19.563,82.77
"1/2/2021 15:49",2021-02-01 15:49:00,16,78.219
"1/2/2021 16:49",2021-02-01 16:49:00,14.938,95.785
"1/2/2021 17:49",2021-02-01 17:49:00,10.5,107.761
"1/2/2021 18:49",2021-02-01 18:49:00,10.188,109.997
"1/2/2021 19:49",2021-02-01 19:49:00,10.875,110.675
"1/2/2021 20:49",2021-02-01 20:49:00,11.063,107.961
"1/2/2021 21:49",2021-02-01 21:49:00,11.188,107.801
"1/2/2021 22:49",2021-02-01 22:49:00,11.063,108.759
"1/2/2021 23:49",2021-02-01 23:49:00,11.5,103.929
"2/2/2021 0:49",2021-02-02 00:49:00,10.563,106.963
"2/2/2021 1:49",2021-02-02 01:49:00,11.375,104.088
"2/2/2021 2:49",2021-02-02 02:49:00,11.063,105.605
"2/2/2021 3:49",2021-02-02 03:49:00,9.75,107.003
"2/2/2021 4:49",2021-02-02 04:49:00,10.063,108.24
"2/2/2021 5:49",2021-02-02 05:49:00,8.188,111.873
"2/2/2021 6:49",2021-02-02 06:49:00,7.875,112.432
"2/2/2021 7:49",2021-02-02 07:49:00,8.438,112.392
"2/2/2021 8:49",2021-02-02 08:49:00,15.938,105.006
"2/2/2021 9:49",2021-02-02 09:49:00,13.313,101.014
"2/2/2021 10:49",2021-02-02 10:49:00,22.75,62.291
"2/2/2021 11:49",2021-02-02 11:49:00,25.75,56.103
"2/2/2021 12:49",2021-02-02 12:49:00,24.813,52.949
"2/2/2021 13:49",2021-02-02 13:49:00,24,60.135
"2/2/2021 14:49",2021-02-02 14:49:00,21.188,70.634
"2/2/2021 15:49",2021-02-02 15:49:00,18.938,75.624
"2/2/2021 16:49",2021-02-02 16:49:00,15.125,87.8
"2/2/2021 17:49",2021-02-02 17:49:00,11.5,99.497
"2/2/2021 18:49",2021-02-02 18:49:00,9.75,108.36
"2/2/2021 19:49",2021-02-02 19:49:00,8.938,110.955
"2/2/2021 20:49",2021-02-02 20:49:00,7.75,112.512
"2/2/2021 21:49",2021-02-02 21:49:00,7.563,112.631
"2/2/2021 22:49",2021-02-02 22:49:00,7,113.071
"2/2/2021 23:49",2021-02-02 23:49:00,6.563,113.869
"3/2/2021 0:49",2021-02-03 00:49:00,6.313,113.43
"3/2/2021 1:49",2021-02-03 01:49:00,5.688,114.069
"3/2/2021 2:49",2021-02-03 02:49:00,6,113.51
"3/2/2021 3:49",2021-02-03 03:49:00,5.5,114.268
"3/2/2021 4:49",2021-02-03 04:49:00,5.25,113.909
"3/2/2021 5:49",2021-02-03 05:49:00,4.5,115.027
"3/2/2021 6:49",2021-02-03 06:49:00,4.938,115.067
"3/2/2021 7:49",2021-02-03 07:49:00,5.813,113.909
"3/2/2021 8:49",2021-02-03 08:49:00,18.938,106.843
"3/2/2021 9:49",2021-02-03 09:49:00,14.188,110.715
"3/2/2021 10:49",2021-02-03 10:49:00,18.375,107.961
"3/2/2021 11:49",2021-02-03 11:49:00,20.375,83.569
"3/2/2021 12:49",2021-02-03 12:49:00,22.063,72.151
"3/2/2021 13:49",2021-02-03 13:49:00,20.75,72.031
"3/2/2021 14:49",2021-02-03 14:49:00,17.938,80.175
"3/2/2021 15:49",2021-02-03 15:49:00,15.188,85.645
"3/2/2021 16:49",2021-02-03 16:49:00,12.375,93.31
"3/2/2021 17:49",2021-02-03 17:49:00,9.938,103.649
"3/2/2021 18:49",2021-02-03 18:49:00,8.438,110.316
"3/2/2021 19:49",2021-02-03 19:49:00,7.5,112.512
"3/2/2021 20:49",2021-02-03 20:49:00,7.313,112.272
"3/2/2021 21:49",2021-02-03 21:49:00,6.375,112.991
"3/2/2021 22:49",2021-02-03 22:49:00,5.563,114.188
"3/2/2021 23:49",2021-02-03 23:49:00,4.625,114.707
"4/2/2021 0:49",2021-02-04 00:49:00,3.75,114.827
"4/2/2021 1:49",2021-02-04 01:49:00,3.313,115.905
"4/2/2021 2:49",2021-02-04 02:49:00,3,115.346
"4/2/2021 3:49",2021-02-04 03:49:00,5.438,114.428
"4/2/2021 4:49",2021-02-04 04:49:00,8.25,112.911
"4/2/2021 5:49",2021-02-04 05:49:00,8.063,113.59
"4/2/2021 6:49",2021-02-04 06:49:00,8.438,112.112
"4/2/2021 7:49",2021-02-04 07:49:00,10,113.111
"4/2/2021 8:49",2021-02-04 08:49:00,15.5,110.077
"4/2/2021 9:49",2021-02-04 09:49:00,12.625,112.352
"4/2/2021 10:49",2021-02-04 10:49:00,19.063,101.214
"4/2/2021 11:49",2021-02-04 11:49:00,20.688,82.012
"4/2/2021 12:49",2021-02-04 12:49:00,20.875,68.638
"4/2/2021 13:49",2021-02-04 13:49:00,20.188,66.243
"4/2/2021 14:49",2021-02-04 14:49:00,18.063,72.51
"4/2/2021 15:49",2021-02-04 15:49:00,15.938,82.211
"4/2/2021 16:49",2021-02-04 16:49:00,12.563,87.88
"4/2/2021 17:49",2021-02-04 17:49:00,8.688,103.889
"4/2/2021 18:49",2021-02-04 18:49:00,7.438,107.601
"4/2/2021 19:49",2021-02-04 19:49:00,6.063,111.953
"4/2/2021 20:49",2021-02-04 20:49:00,5,113.63
"4/2/2021 21:49",2021-02-04 21:49:00,4.438,113.749
"4/2/2021 22:49",2021-02-04 22:49:00,4.063,114.787
"4/2/2021 23:49",2021-02-04 23:49:00,3.875,114.109
"5/2/2021 0:49",2021-02-05 00:49:00,3.75,114.428
"5/2/2021 1:49",2021-02-05 01:49:00,3.938,114.468
"5/2/2021 2:49",2021-02-05 02:49:00,3.688,114.667
"5/2/2021 3:49",2021-02-05 03:49:00,3.438,115.147
"5/2/2021 4:49",2021-02-05 04:49:00,3.438,114.867
"5/2/2021 5:49",2021-02-05 05:49:00,3.313,114.308
"5/2/2021 6:49",2021-02-05 06:49:00,3.5,115.266
"5/2/2021 7:49",2021-02-05 07:49:00,4.5,114.947
"5/2/2021 8:49",2021-02-05 08:49:00,17.188,106.563
"5/2/2021 9:49",2021-02-05 09:49:00,11.25,112.392
"5/2/2021 10:49",2021-02-05 10:49:00,18.938,102.412
"5/2/2021 11:49",2021-02-05 11:49:00,21.375,71.592
"5/2/2021 12:49",2021-02-05 12:49:00,22.875,57.061
"5/2/2021 13:49",2021-02-05 13:49:00,22.188,57.34
"5/2/2021 14:49",2021-02-05 14:49:00,20.125,63.209
"5/2/2021 15:49",2021-02-05 15:49:00,17.438,75.944
"5/2/2021 16:49",2021-02-05 16:49:00,13.25,81.812
"5/2/2021 17:49",2021-02-05 17:49:00,8.125,102.811
"5/2/2021 18:49",2021-02-05 18:49:00,6.438,109.797
"5/2/2021 19:49",2021-02-05 19:49:00,5.75,111.953
"5/2/2021 20:49",2021-02-05 20:49:00,4.75,113.15
"5/2/2021 21:49",2021-02-05 21:49:00,4,114.308
"5/2/2021 22:49",2021-02-05 22:49:00,4.188,114.109
"5/2/2021 23:49",2021-02-05 23:49:00,3.938,114.707
"6/2/2021 0:49",2021-02-06 00:49:00,3.063,114.667
"6/2/2021 1:49",2021-02-06 01:49:00,2.938,114.588
"6/2/2021 2:49",2021-02-06 02:49:00,2.5,114.867
"6/2/2021 3:49",2021-02-06 03:49:00,2.5,115.626
"6/2/2021 4:49",2021-02-06 04:49:00,2.313,115.626
"6/2/2021 5:49",2021-02-06 05:49:00,2.188,115.266
"6/2/2021 6:49",2021-02-06 06:49:00,2.375,114.148
"6/2/2021 7:49",2021-02-06 07:49:00,3.563,115.027
"6/2/2021 8:49",2021-02-06 08:49:00,12.313,110.196
"6/2/2021 9:49",2021-02-06 09:49:00,10,112.033
"6/2/2021 10:49",2021-02-06 10:49:00,22.313,64.287
"6/2/2021 11:49",2021-02-06 11:49:00,24.375,44.007
"6/2/2021 12:49",2021-02-06 12:49:00,24.063,43.408
"6/2/2021 13:49",2021-02-06 13:49:00,23.813,48.158
"6/2/2021 14:49",2021-02-06 14:49:00,21.563,52.869
"6/2/2021 15:49",2021-02-06 15:49:00,19.313,65.045
"6/2/2021 16:49",2021-02-06 16:49:00,15.438,77.501
"6/2/2021 17:49",2021-02-06 17:49:00,9.938,98.22
"6/2/2021 18:49",2021-02-06 18:49:00,8.313,106.204
"6/2/2021 19:49",2021-02-06 19:49:00,6.875,110.037
"6/2/2021 20:49",2021-02-06 20:49:00,5.875,111.633
"6/2/2021 21:49",2021-02-06 21:49:00,5.563,112.392
"6/2/2021 22:49",2021-02-06 22:49:00,4.688,112.791
"6/2/2021 23:49",2021-02-06 23:49:00,3.813,114.029
"7/2/2021 0:49",2021-02-07 00:49:00,4.063,114.308
"7/2/2021 1:49",2021-02-07 01:49:00,3.75,114.468
"7/2/2021 2:49",2021-02-07 02:49:00,3.313,113.709
"7/2/2021 3:49",2021-02-07 03:49:00,2.75,113.789
"7/2/2021 4:49",2021-02-07 04:49:00,2.688,112.112
"7/2/2021 5:49",2021-02-07 05:49:00,2.438,112.472
"7/2/2021 6:49",2021-02-07 06:49:00,2.563,114.827
"7/2/2021 7:49",2021-02-07 07:49:00,3.5,113.23
"7/2/2021 8:49",2021-02-07 08:49:00,16,95.425
"7/2/2021 9:49",2021-02-07 09:49:00,10.5,93.429
"7/2/2021 10:49",2021-02-07 10:49:00,22.313,55.464
"7/2/2021 11:49",2021-02-07 11:49:00,25.5,48.238
"7/2/2021 12:49",2021-02-07 12:49:00,24.688,46.801
"7/2/2021 13:49",2021-02-07 13:49:00,22,44.765
"7/2/2021 14:49",2021-02-07 14:49:00,20.313,60.454
"7/2/2021 15:49",2021-02-07 15:49:00,17.375,64.127
"7/2/2021 16:49",2021-02-07 16:49:00,13.125,73.708
"7/2/2021 17:49",2021-02-07 17:49:00,8.063,98.18
"7/2/2021 18:49",2021-02-07 18:49:00,6.313,106.923
"7/2/2021 19:49",2021-02-07 19:49:00,5.813,109.997
"7/2/2021 20:49",2021-02-07 20:49:00,5.125,111.314
"7/2/2021 21:49",2021-02-07 21:49:00,4.563,112.671
"7/2/2021 22:49",2021-02-07 22:49:00,3.75,113.909
"7/2/2021 23:49",2021-02-07 23:49:00,3.25,114.069
"8/2/2021 0:49",2021-02-08 00:49:00,2.938,114.388
"8/2/2021 1:49",2021-02-08 01:49:00,1.813,115.027
"8/2/2021 2:49",2021-02-08 02:49:00,2,114.228
"8/2/2021 3:49",2021-02-08 03:49:00,0.875,115.745
"8/2/2021 4:49",2021-02-08 04:49:00,0.125,115.985
"8/2/2021 5:49",2021-02-08 05:49:00,-0.313,115.745
"8/2/2021 6:49",2021-02-08 06:49:00,4.688,114.228
"8/2/2021 7:49",2021-02-08 07:49:00,3.125,115.186
"8/2/2021 8:49",2021-02-08 08:49:00,12.125,110.556
"8/2/2021 9:49",2021-02-08 09:49:00,10.375,110.396
"8/2/2021 10:49",2021-02-08 10:49:00,16.375,95.625
"8/2/2021 11:49",2021-02-08 11:49:00,19.813,78.179
"8/2/2021 12:49",2021-02-08 12:49:00,21.188,60.893
"8/2/2021 13:49",2021-02-08 13:49:00,21,61.572
"8/2/2021 14:49",2021-02-08 14:49:00,18.75,69.437
"8/2/2021 15:49",2021-02-08 15:49:00,15.438,79.457
"8/2/2021 16:49",2021-02-08 16:49:00,11.625,87.641
"8/2/2021 17:49",2021-02-08 17:49:00,8.25,100.615
"8/2/2021 18:49",2021-02-08 18:49:00,5.625,108.041
"8/2/2021 19:49",2021-02-08 19:49:00,4.25,111.594
"8/2/2021 20:49",2021-02-08 20:49:00,9.063,108.719
"8/2/2021 21:49",2021-02-08 21:49:00,9.188,108.001
"8/2/2021 22:49",2021-02-08 22:49:00,8.938,109.757
"8/2/2021 23:49",2021-02-08 23:49:00,8.813,110.955
"9/2/2021 0:49",2021-02-09 00:49:00,8.5,110.556
"9/2/2021 1:49",2021-02-09 01:49:00,8,111.154
"9/2/2021 2:49",2021-02-09 02:49:00,7.688,111.194
"9/2/2021 3:49",2021-02-09 03:49:00,8.063,111.554
"9/2/2021 4:49",2021-02-09 04:49:00,7.938,110.077
"9/2/2021 5:49",2021-02-09 05:49:00,7.375,112.232
"9/2/2021 6:49",2021-02-09 06:49:00,8.563,111.594
"9/2/2021 7:49",2021-02-09 07:49:00,9.25,109.597
"9/2/2021 8:49",2021-02-09 08:49:00,11.938,107.921
"9/2/2021 9:49",2021-02-09 09:49:00,12.938,101.414
"9/2/2021 10:49",2021-02-09 10:49:00,14,88.878
"9/2/2021 11:49",2021-02-09 11:49:00,14.563,82.132
"9/2/2021 12:49",2021-02-09 12:49:00,18.938,73.029
"9/2/2021 13:49",2021-02-09 13:49:00,17.063,76.223
"9/2/2021 14:49",2021-02-09 14:49:00,16.5,74.427
"9/2/2021 15:49",2021-02-09 15:49:00,13.438,82.77
"9/2/2021 16:49",2021-02-09 16:49:00,12.188,88.08
"9/2/2021 17:49",2021-02-09 17:49:00,10.688,92.152
"9/2/2021 18:49",2021-02-09 18:49:00,10.5,95.904
"9/2/2021 19:49",2021-02-09 19:49:00,9.563,101.134
"9/2/2021 20:49",2021-02-09 20:49:00,10,103.33
"9/2/2021 21:49",2021-02-09 21:49:00,9.188,106.364
"9/2/2021 22:49",2021-02-09 22:49:00,6,111.234
"9/2/2021 23:49",2021-02-09 23:49:00,5.438,112.911
"10/2/2021 0:49",2021-02-10 00:49:00,8.75,111.434
"10/2/2021 1:49",2021-02-10 01:49:00,9.125,111.394
"10/2/2021 2:49",2021-02-10 02:49:00,9.063,111.434
"10/2/2021 3:49",2021-02-10 03:49:00,9.063,111.194
"10/2/2021 4:49",2021-02-10 04:49:00,8.875,111.673
"10/2/2021 5:49",2021-02-10 05:49:00,8.875,112.152
"10/2/2021 6:49",2021-02-10 06:49:00,9.063,112.033
"10/2/2021 7:49",2021-02-10 07:49:00,10.75,110.795
"10/2/2021 8:49",2021-02-10 08:49:00,12,106.005
"10/2/2021 9:49",2021-02-10 09:49:00,13.938,99.537
"10/2/2021 10:49",2021-02-10 10:49:00,15.125,88.479
"10/2/2021 11:49",2021-02-10 11:49:00,20.313,60.774
"10/2/2021 12:49",2021-02-10 12:49:00,20.75,62.37
"10/2/2021 13:49",2021-02-10 13:49:00,19.063,60.853
"10/2/2021 14:49",2021-02-10 14:49:00,17.25,75.465
"10/2/2021 15:49",2021-02-10 15:49:00,15.5,76.543
"10/2/2021 16:49",2021-02-10 16:49:00,12.25,86.084
"10/2/2021 17:49",2021-02-10 17:49:00,9,97.062
"10/2/2021 18:49",2021-02-10 18:49:00,6.625,106.963
"10/2/2021 19:49",2021-02-10 19:49:00,5.5,110.556
"10/2/2021 20:49",2021-02-10 20:49:00,5.188,111.953
"10/2/2021 21:49",2021-02-10 21:49:00,6.875,112.871
"10/2/2021 22:49",2021-02-10 22:49:00,5.563,113.15
"10/2/2021 23:49",2021-02-10 23:49:00,4.125,113.789
"11/2/2021 0:49",2021-02-11 00:49:00,4.063,114.228
"11/2/2021 1:49",2021-02-11 01:49:00,3.688,114.388
"11/2/2021 2:49",2021-02-11 02:49:00,3.75,114.947
"11/2/2021 3:49",2021-02-11 03:49:00,4.063,114.707
"11/2/2021 4:49",2021-02-11 04:49:00,3.563,115.186
"11/2/2021 5:49",2021-02-11 05:49:00,3.438,113.909
"11/2/2021 6:49",2021-02-11 06:49:00,3.375,115.626
"11/2/2021 7:49",2021-02-11 07:49:00,5.75,113.19
"11/2/2021 8:49",2021-02-11 08:49:00,18.688,106.364
"11/2/2021 9:49",2021-02-11 09:49:00,13.313,102.252
"11/2/2021 10:49",2021-02-11 10:49:00,17.875,94.507
"11/2/2021 11:49",2021-02-11 11:49:00,24.563,68.598
"11/2/2021 12:49",2021-02-11 12:49:00,24.313,59.336
"11/2/2021 13:49",2021-02-11 13:49:00,22.938,57.34
"11/2/2021 14:49",2021-02-11 14:49:00,19.813,67.161
"11/2/2021 15:49",2021-02-11 15:49:00,16.875,75.704
"11/2/2021 16:49",2021-02-11 16:49:00,12.438,88
"11/2/2021 17:49",2021-02-11 17:49:00,9.813,100.735
"11/2/2021 18:49",2021-02-11 18:49:00,9.313,108.08
"11/2/2021 19:49",2021-02-11 19:49:00,9.813,106.723
"11/2/2021 20:49",2021-02-11 20:49:00,10.875,107.122
"11/2/2021 21:49",2021-02-11 21:49:00,10.938,106.883
"11/2/2021 22:49",2021-02-11 22:49:00,9.438,109.118
"11/2/2021 23:49",2021-02-11 23:49:00,10.438,108.879
"12/2/2021 0:49",2021-02-12 00:49:00,10.563,108.919
"12/2/2021 1:49",2021-02-12 01:49:00,10.625,109.039
"12/2/2021 2:49",2021-02-12 02:49:00,10.625,109.438
"12/2/2021 3:49",2021-02-12 03:49:00,10.5,109.717
"12/2/2021 4:49",2021-02-12 04:49:00,9.188,110.795
"12/2/2021 5:49",2021-02-12 05:49:00,10,110.556
"12/2/2021 6:49",2021-02-12 06:49:00,10.188,111.474
"12/2/2021 7:49",2021-02-12 07:49:00,10.5,111.434
"12/2/2021 8:49",2021-02-12 08:49:00,11.25,110.795
"12/2/2021 9:49",2021-02-12 09:49:00,13.125,110.476
"12/2/2021 10:49",2021-02-12 10:49:00,20.813,101.374
"12/2/2021 11:49",2021-02-12 11:49:00,24.25,92.192
"12/2/2021 12:49",2021-02-12 12:49:00,17.938,103.21
"12/2/2021 13:49",2021-02-12 13:49:00,18.375,105.406
"12/2/2021 14:49",2021-02-12 14:49:00,16.563,105.965
"12/2/2021 15:49",2021-02-12 15:49:00,14.875,108.919
"12/2/2021 16:49",2021-02-12 16:49:00,12.25,106.963
"12/2/2021 17:49",2021-02-12 17:49:00,8.375,109.358
"12/2/2021 18:49",2021-02-12 18:49:00,6.625,113.669
"12/2/2021 19:49",2021-02-12 19:49:00,5.75,113.829
"12/2/2021 20:49",2021-02-12 20:49:00,5.188,114.148
"12/2/2021 21:49",2021-02-12 21:49:00,7.188,113.909
"12/2/2021 22:49",2021-02-12 22:49:00,6.125,114.308
"12/2/2021 23:49",2021-02-12 23:49:00,4.938,114.707
"13/02/2021 00:49:01",2021-02-13 00:49:01,5.875,115.226
"13/02/2021 01:49:01",2021-02-13 01:49:01,5.375,115.945
"13/02/2021 02:49:01",2021-02-13 02:49:01,4.688,115.147
"13/02/2021 03:49:01",2021-02-13 03:49:01,3.438,116.025
"13/02/2021 04:49:01",2021-02-13 04:49:01,3.688,112.592
"13/02/2021 05:49:01",2021-02-13 05:49:01,4.313,111.913
"13/02/2021 06:49:01",2021-02-13 06:49:01,6.438,113.43
"13/02/2021 07:49:01",2021-02-13 07:49:01,8.813,110.715
"13/02/2021 08:49:01",2021-02-13 08:49:01,12.75,109.398
"13/02/2021 09:49:01",2021-02-13 09:49:01,12.938,109.757
"13/02/2021 10:49:01",2021-02-13 10:49:01,14.563,108.001
"13/02/2021 11:49:01",2021-02-13 11:49:01,15.625,110.037
"13/02/2021 12:49:01",2021-02-13 12:49:01,18.063,108.24
"13/02/2021 13:49:01",2021-02-13 13:49:01,17,95.146
"13/02/2021 14:49:01",2021-02-13 14:49:01,14.313,93.19
"13/02/2021 15:49:01",2021-02-13 15:49:01,12.875,96.863
"13/02/2021 16:49:01",2021-02-13 16:49:01,10.5,101.214
"13/02/2021 17:49:01",2021-02-13 17:49:01,11.063,101.374
"13/02/2021 18:49:01",2021-02-13 18:49:01,9.438,107.042
"13/02/2021 19:49:01",2021-02-13 19:49:01,7.5,111.713
"13/02/2021 20:49:01",2021-02-13 20:49:01,7.438,112.552
"13/02/2021 21:49:01",2021-02-13 21:49:01,5.313,114.268
"13/02/2021 22:49:01",2021-02-13 22:49:01,4.688,115.985
"13/02/2021 23:49:01",2021-02-13 23:49:01,3.688,115.067
"14/02/2021 00:49:01",2021-02-14 00:49:01,3.625,115.586
"14/02/2021 01:49:01",2021-02-14 01:49:01,3.125,115.067
"14/02/2021 02:49:01",2021-02-14 02:49:01,2.938,115.945
"14/02/2021 03:49:01",2021-02-14 03:49:01,2.688,115.386
"14/02/2021 04:49:01",2021-02-14 04:49:01,1.875,116.184
"14/02/2021 05:49:01",2021-02-14 05:49:01,2.625,116.224
"14/02/2021 06:49:01",2021-02-14 06:49:01,2.125,113.51
"14/02/2021 07:49:01",2021-02-14 07:49:01,5.75,111.713
"14/02/2021 08:49:01",2021-02-14 08:49:01,14.875,109.438
"14/02/2021 09:49:01",2021-02-14 09:49:01,11.563,112.033
"14/02/2021 10:49:01",2021-02-14 10:49:01,18.375,101.933
"14/02/2021 11:49:01",2021-02-14 11:49:01,19.063,72.151
"14/02/2021 12:49:01",2021-02-14 12:49:01,21.313,54.227
"14/02/2021 13:49:01",2021-02-14 13:49:01,18.25,52.789
"14/02/2021 14:49:01",2021-02-14 14:49:01,15.125,56.223
"14/02/2021 15:49:01",2021-02-14 15:49:01,16.438,57.819
"14/02/2021 16:49:01",2021-02-14 16:49:01,11.813,66.283
"14/02/2021 17:49:01",2021-02-14 17:49:01,7.5,86.363
"14/02/2021 18:49:01",2021-02-14 18:49:01,5.313,103.569
"14/02/2021 19:49:01",2021-02-14 19:49:01,4.563,109.158
"14/02/2021 20:49:01",2021-02-14 20:49:01,3.813,111.474
"14/02/2021 21:49:01",2021-02-14 21:49:01,3.375,113.829
"14/02/2021 22:49:01",2021-02-14 22:49:01,3.125,113.55
"14/02/2021 23:49:01",2021-02-14 23:49:01,5.375,113.51
"15/02/2021 00:49:01",2021-02-15 00:49:01,3,113.789
"15/02/2021 01:49:01",2021-02-15 01:49:01,3.375,113.59
"15/02/2021 02:49:01",2021-02-15 02:49:01,5.875,113.15
"15/02/2021 03:49:01",2021-02-15 03:49:01,3.188,114.148
"15/02/2021 04:49:01",2021-02-15 04:49:01,6.875,112.592
"15/02/2021 05:49:01",2021-02-15 05:49:01,6.688,113.111
"15/02/2021 06:49:01",2021-02-15 06:49:01,7.125,113.23
"15/02/2021 07:49:01",2021-02-15 07:49:01,8.438,112.352
"15/02/2021 08:49:01",2021-02-15 08:49:01,10.313,111.833
"15/02/2021 09:49:01",2021-02-15 09:49:01,12.625,106.803
"15/02/2021 10:49:01",2021-02-15 10:49:01,15.813,87.481
"15/02/2021 11:49:01",2021-02-15 11:49:01,18,72.83
"15/02/2021 12:49:01",2021-02-15 12:49:01,18.625,67.72
"15/02/2021 13:49:01",2021-02-15 13:49:01,17.438,65.325
"15/02/2021 14:49:01",2021-02-15 14:49:01,16.313,78.539
"15/02/2021 15:49:01",2021-02-15 15:49:01,14.438,78.499
"15/02/2021 16:49:01",2021-02-15 16:49:01,11.813,90.675
"15/02/2021 17:49:01",2021-02-15 17:49:01,8.75,100.575
"15/02/2021 18:49:01",2021-02-15 18:49:01,7.875,105.046
"15/02/2021 19:49:01",2021-02-15 19:49:01,7.313,107.322
"15/02/2021 20:49:01",2021-02-15 20:49:01,7.438,109.597
"15/02/2021 21:49:01",2021-02-15 21:49:01,7.313,111.594
"15/02/2021 22:49:01",2021-02-15 22:49:01,9.313,110.755
"15/02/2021 23:49:01",2021-02-15 23:49:01,8.875,110.875
"16/02/2021 00:49:01",2021-02-16 00:49:01,9.625,109.558
"16/02/2021 01:49:01",2021-02-16 01:49:01,9.688,109.637
"16/02/2021 02:49:01",2021-02-16 02:49:01,10,110.715
"16/02/2021 03:49:01",2021-02-16 03:49:01,9.813,112.152
"16/02/2021 04:49:01",2021-02-16 04:49:01,7.75,114.348
"16/02/2021 05:49:01",2021-02-16 05:49:01,9.5,113.23
"16/02/2021 06:49:01",2021-02-16 06:49:01,6.25,113.789
"16/02/2021 07:49:01",2021-02-16 07:49:01,12,111.713
"16/02/2021 08:49:01",2021-02-16 08:49:01,17.063,107.961
"16/02/2021 09:49:01",2021-02-16 09:49:01,15.313,102.851
"16/02/2021 10:49:01",2021-02-16 10:49:01,19.125,93.829
"16/02/2021 11:49:01",2021-02-16 11:49:01,21.063,78.419
"16/02/2021 12:49:01",2021-02-16 12:49:01,20.875,76.662
"16/02/2021 13:49:01",2021-02-16 13:49:01,19.313,67.76
"16/02/2021 14:49:01",2021-02-16 14:49:01,16.625,69.836
"16/02/2021 15:49:01",2021-02-16 15:49:01,14.563,74.307
"16/02/2021 16:49:01",2021-02-16 16:49:01,11.438,83.768
"16/02/2021 17:49:01",2021-02-16 17:49:01,7.938,97.781
"16/02/2021 18:49:01",2021-02-16 18:49:01,6.188,108.041
"16/02/2021 19:49:01",2021-02-16 19:49:01,5.375,110.396
"16/02/2021 20:49:01",2021-02-16 20:49:01,6.813,110.276
"16/02/2021 21:49:01",2021-02-16 21:49:01,4.688,112.192
"16/02/2021 22:49:01",2021-02-16 22:49:01,6.688,112.152
"16/02/2021 23:49:01",2021-02-16 23:49:01,6.813,112.751
"17/02/2021 00:49:01",2021-02-17 00:49:01,4.688,113.669
"17/02/2021 01:49:01",2021-02-17 01:49:01,3.625,115.785
"17/02/2021 02:49:01",2021-02-17 02:49:01,1.563,115.506
"17/02/2021 03:49:01",2021-02-17 03:49:01,0.875,115.705
"17/02/2021 04:49:01",2021-02-17 04:49:01,2.438,114.667
"17/02/2021 05:49:01",2021-02-17 05:49:01,1.813,116.384
"17/02/2021 06:49:01",2021-02-17 06:49:01,1.5,116.145
"17/02/2021 07:49:01",2021-02-17 07:49:01,3.625,115.147
"17/02/2021 08:49:01",2021-02-17 08:49:01,17.313,107.362
"17/02/2021 09:49:01",2021-02-17 09:49:01,14.375,104.448
"17/02/2021 10:49:01",2021-02-17 10:49:01,19.313,93.789
"17/02/2021 11:49:01",2021-02-17 11:49:01,21.813,69.397
"17/02/2021 12:49:01",2021-02-17 12:49:01,21.938,60.215
"17/02/2021 13:49:01",2021-02-17 13:49:01,20.688,58.179
"17/02/2021 14:49:01",2021-02-17 14:49:01,18.313,66.323
"17/02/2021 15:49:01",2021-02-17 15:49:01,15.625,70.235
"17/02/2021 16:49:01",2021-02-17 16:49:01,11.875,73.628
"17/02/2021 17:49:01",2021-02-17 17:49:01,6.625,96.823
"17/02/2021 18:49:01",2021-02-17 18:49:01,4.375,106.883
"17/02/2021 19:49:01",2021-02-17 19:49:01,3.75,110.436
"17/02/2021 20:49:01",2021-02-17 20:49:01,3.75,111.633
"17/02/2021 21:49:01",2021-02-17 21:49:01,6.063,89.836
"17/02/2021 22:49:01",2021-02-17 22:49:01,6.375,65.205
"17/02/2021 23:49:01",2021-02-17 23:49:01,7.438,50.194
"18/02/2021 00:49:01",2021-02-18 00:49:01,7.313,43.208
"18/02/2021 01:49:01",2021-02-18 01:49:01,6.688,44.566
"18/02/2021 02:49:01",2021-02-18 02:49:01,7.25,39.895
"18/02/2021 03:49:01",2021-02-18 03:49:01,8.375,32.469
"18/02/2021 04:49:01",2021-02-18 04:49:01,8.5,30.274
"18/02/2021 05:49:01",2021-02-18 05:49:01,8.438,30.393
"18/02/2021 06:49:01",2021-02-18 06:49:01,7,34.266
"18/02/2021 07:49:01",2021-02-18 07:49:01,7.25,37.06
"18/02/2021 08:49:01",2021-02-18 08:49:01,14.625,25.244
"18/02/2021 09:49:01",2021-02-18 09:49:01,16.5,24.166
"18/02/2021 10:49:01",2021-02-18 10:49:01,20.313,20.493
"18/02/2021 11:49:01",2021-02-18 11:49:01,21.938,20.453
"18/02/2021 12:49:01",2021-02-18 12:49:01,20.75,20.732
"18/02/2021 13:49:01",2021-02-18 13:49:01,20.938,27.28
"18/02/2021 14:49:01",2021-02-18 14:49:01,19.125,33.268
"18/02/2021 15:49:01",2021-02-18 15:49:01,16.75,34.505
"18/02/2021 16:49:01",2021-02-18 16:49:01,13,40.494
"18/02/2021 17:49:01",2021-02-18 17:49:01,7.688,50.314
"18/02/2021 18:49:01",2021-02-18 18:49:01,4.625,75.864
"18/02/2021 19:49:01",2021-02-18 19:49:01,3.188,84.207
"18/02/2021 20:49:01",2021-02-18 20:49:01,2.938,88.16
"18/02/2021 21:49:01",2021-02-18 21:49:01,2.125,91.513
"18/02/2021 22:49:01",2021-02-18 22:49:01,1.813,94.787
"18/02/2021 23:49:01",2021-02-18 23:49:01,1.313,95.505
"19/02/2021 00:49:01",2021-02-19 00:49:01,2.063,91.034
"19/02/2021 01:49:01",2021-02-19 01:49:01,1,94.667
"19/02/2021 02:49:01",2021-02-19 02:49:01,0.813,95.106
"19/02/2021 03:49:01",2021-02-19 03:49:01,0.938,94.028
"19/02/2021 04:49:01",2021-02-19 04:49:01,0.938,93.31
"19/02/2021 05:49:01",2021-02-19 05:49:01,1.313,90.475
"19/02/2021 06:49:01",2021-02-19 06:49:01,1.438,94.827
"19/02/2021 07:49:01",2021-02-19 07:49:01,2.563,94.986
"19/02/2021 08:49:01",2021-02-19 08:49:01,17.813,64.007
"19/02/2021 09:49:01",2021-02-19 09:49:01,18.875,44.566
"19/02/2021 10:49:01",2021-02-19 10:49:01,24.563,31.152
"19/02/2021 11:49:01",2021-02-19 11:49:01,25.688,27.599
"19/02/2021 12:49:01",2021-02-19 12:49:01,25.438,30.034
"19/02/2021 13:49:01",2021-02-19 13:49:01,23.875,31.751
"19/02/2021 14:49:01",2021-02-19 14:49:01,20.875,35.903
"19/02/2021 15:49:01",2021-02-19 15:49:01,17.813,41.132
"19/02/2021 16:49:01",2021-02-19 16:49:01,14.625,54.027
"19/02/2021 17:49:01",2021-02-19 17:49:01,8,73.349
"19/02/2021 18:49:01",2021-02-19 18:49:01,5.875,88.519
"19/02/2021 19:49:01",2021-02-19 19:49:01,4.563,94.986
"19/02/2021 20:49:01",2021-02-19 20:49:01,4.125,98.34
"19/02/2021 21:49:01",2021-02-19 21:49:01,3.438,100.895
"19/02/2021 22:49:01",2021-02-19 22:49:01,3.125,100.615
"19/02/2021 23:49:01",2021-02-19 23:49:01,2.875,103.09
"20/02/2021 00:49:01",2021-02-20 00:49:01,2.125,105.765
"20/02/2021 01:49:01",2021-02-20 01:49:01,1.875,106.803
"20/02/2021 02:49:01",2021-02-20 02:49:01,0.75,110.915
"20/02/2021 03:49:01",2021-02-20 03:49:01,0.875,110.436
"20/02/2021 04:49:01",2021-02-20 04:49:01,0.75,110.955
"20/02/2021 05:49:01",2021-02-20 05:49:01,1.625,111.434
"20/02/2021 06:49:01",2021-02-20 06:49:01,1.313,113.27
"20/02/2021 07:49:01",2021-02-20 07:49:01,4.063,112.312
"20/02/2021 08:49:01",2021-02-20 08:49:01,14.75,86.004
"20/02/2021 09:49:01",2021-02-20 09:49:01,16.375,86.323
"20/02/2021 10:49:01",2021-02-20 10:49:01,22.188,59.496
"20/02/2021 11:49:01",2021-02-20 11:49:01,23.813,48.877
"20/02/2021 12:49:01",2021-02-20 12:49:01,24.25,46.961
"20/02/2021 13:49:01",2021-02-20 13:49:01,22.625,45.444
"20/02/2021 14:49:01",2021-02-20 14:49:01,19.875,41.172
"20/02/2021 15:49:01",2021-02-20 15:49:01,16.75,37.739
"20/02/2021 16:49:01",2021-02-20 16:49:01,13.625,47.799
"20/02/2021 17:49:01",2021-02-20 17:49:01,8.125,64.167
"20/02/2021 18:49:01",2021-02-20 18:49:01,4,85.964
"20/02/2021 19:49:01",2021-02-20 19:49:01,2.938,96.463
"20/02/2021 20:49:01",2021-02-20 20:49:01,2.063,101.134
"20/02/2021 21:49:01",2021-02-20 21:49:01,1,104.927
"20/02/2021 22:49:01",2021-02-20 22:49:01,6.75,74.546
"20/02/2021 23:49:01",2021-02-20 23:49:01,6.563,63.528
"21/02/2021 00:49:01",2021-02-21 00:49:01,9.063,41.013
"21/02/2021 01:49:01",2021-02-21 01:49:01,8.938,41.332
"21/02/2021 02:49:01",2021-02-21 02:49:01,9.938,35.264
"21/02/2021 03:49:01",2021-02-21 03:49:01,10.438,31.431
"21/02/2021 04:49:01",2021-02-21 04:49:01,8.938,33.867
"21/02/2021 05:49:01",2021-02-21 05:49:01,9.438,34.106
"21/02/2021 06:49:01",2021-02-21 06:49:01,9.313,35.943
"21/02/2021 07:49:01",2021-02-21 07:49:01,9.063,40.094
"21/02/2021 08:49:01",2021-02-21 08:49:01,17.5,29.236
"21/02/2021 09:49:01",2021-02-21 09:49:01,21.063,29.475
"21/02/2021 10:49:01",2021-02-21 10:49:01,22.375,21.331
"21/02/2021 11:49:01",2021-02-21 11:49:01,25.125,26.282
"21/02/2021 12:49:01",2021-02-21 12:49:01,25.25,27.439
"21/02/2021 13:49:01",2021-02-21 13:49:01,23.688,29.196
"21/02/2021 14:49:01",2021-02-21 14:49:01,21.313,33.388
"21/02/2021 15:49:01",2021-02-21 15:49:01,19,40.015
"21/02/2021 16:49:01",2021-02-21 16:49:01,15.125,43.687
"21/02/2021 17:49:01",2021-02-21 17:49:01,10.875,40.573
"21/02/2021 18:49:01",2021-02-21 18:49:01,10.938,34.665
"21/02/2021 19:49:01",2021-02-21 19:49:01,9.813,34.745
"21/02/2021 20:49:01",2021-02-21 20:49:01,10.375,31.272
"21/02/2021 21:49:01",2021-02-21 21:49:01,9.313,36.741
"21/02/2021 22:49:01",2021-02-21 22:49:01,9.875,31.711
"21/02/2021 23:49:01",2021-02-21 23:49:01,9.875,28.956
"22/02/2021 00:49:01",2021-02-22 00:49:01,10.438,28.318
"22/02/2021 01:49:01",2021-02-22 01:49:01,10.75,26.96
"22/02/2021 02:49:01",2021-02-22 02:49:01,11.813,24.126
"22/02/2021 03:49:01",2021-02-22 03:49:01,9.688,30.513
"22/02/2021 04:49:01",2021-02-22 04:49:01,10,30.912
"22/02/2021 05:49:01",2021-02-22 05:49:01,9.688,32.669
"22/02/2021 06:49:01",2021-02-22 06:49:01,10.75,30.433
"22/02/2021 07:49:01",2021-02-22 07:49:01,11.813,31.232
"22/02/2021 08:49:01",2021-02-22 08:49:01,19.688,22.569
"22/02/2021 09:49:01",2021-02-22 09:49:01,22.875,20.932
"22/02/2021 10:49:01",2021-02-22 10:49:01,26.313,20.293
"22/02/2021 11:49:01",2021-02-22 11:49:01,26.938,20.174
"22/02/2021 12:49:01",2021-02-22 12:49:01,27.813,22.968
"22/02/2021 13:49:01",2021-02-22 13:49:01,25.938,24.725
"22/02/2021 14:49:01",2021-02-22 14:49:01,24.188,29.555
"22/02/2021 15:49:01",2021-02-22 15:49:01,21.375,32.549
"22/02/2021 16:49:01",2021-02-22 16:49:01,17.688,37.859
"22/02/2021 17:49:01",2021-02-22 17:49:01,14.25,32.31
"22/02/2021 18:49:01",2021-02-22 18:49:01,11.938,39.096
"22/02/2021 19:49:01",2021-02-22 19:49:01,12.813,31.431
"22/02/2021 20:49:01",2021-02-22 20:49:01,12.5,31.591
"22/02/2021 21:49:01",2021-02-22 21:49:01,12,33.068
"22/02/2021 22:49:01",2021-02-22 22:49:01,12.125,30.593
"22/02/2021 23:49:01",2021-02-22 23:49:01,10.25,39.056
"23/02/2021 00:49:01",2021-02-23 00:49:01,9.688,39.855
"23/02/2021 01:49:01",2021-02-23 01:49:01,9.5,41.372
"23/02/2021 02:49:01",2021-02-23 02:49:01,4.625,60.334
"23/02/2021 03:49:01",2021-02-23 03:49:01,5.125,64.965
"23/02/2021 04:49:01",2021-02-23 04:49:01,3.625,71.473
"23/02/2021 05:49:01",2021-02-23 05:49:01,3.438,75.105
"23/02/2021 06:49:01",2021-02-23 06:49:01,4.125,77.94
"23/02/2021 07:49:01",2021-02-23 07:49:01,5.75,78.419
"23/02/2021 08:49:01",2021-02-23 08:49:01,20.813,54.666
"23/02/2021 09:49:01",2021-02-23 09:49:01,24.625,34.944
