ReadingOriginal,ReadingStand,Values,Humidity
19/01/2021 01:00:01,1/19/2021 1:00,3.688,97.701
19/01/2021 02:00:01,1/19/2021 2:00,4.688,100.815
19/01/2021 03:00:01,1/19/2021 3:00,5.5,99.936
19/01/2021 04:00:01,1/19/2021 4:00,5.313,100.695
19/01/2021 05:00:01,1/19/2021 5:00,6,101.972
19/01/2021 06:00:01,1/19/2021 6:00,5.813,99.697
19/01/2021 07:00:01,1/19/2021 7:00,6.813,80.415
19/01/2021 08:00:01,1/19/2021 8:00,11.063,41.052
19/01/2021 09:00:01,1/19/2021 9:00,13.438,24.126
19/01/2021 10:00:01,1/19/2021 10:00,15.875,20.533
19/01/2021 11:00:01,1/19/2021 11:00,18.813,15.064
19/01/2021 12:00:01,1/19/2021 12:00,24.75,12.109
19/01/2021 13:00:01,1/19/2021 13:00,21.438,10.473
19/01/2021 14:00:01,1/19/2021 14:00,21.625,13.307
19/01/2021 15:00:01,1/19/2021 15:00,15.375,21.97
19/01/2021 16:00:01,1/19/2021 16:00,13.938,31.99
19/01/2021 17:00:01,1/19/2021 17:00,11.688,38.897
19/01/2021 18:00:01,1/19/2021 18:00,12.75,36.701
19/01/2021 19:00:01,1/19/2021 19:00,12.5,36.941
19/01/2021 20:00:01,1/19/2021 20:00,12.875,38.937
19/01/2021 21:00:01,1/19/2021 21:00,13.188,40.174
19/01/2021 22:00:01,1/19/2021 22:00,12.938,41.052
19/01/2021 23:00:01,1/19/2021 23:00,11.813,40.813
20/01/2021 00:00:01,1/20/2021 0:00,12.438,38.977
20/01/2021 01:00:01,1/20/2021 1:00,12.125,39.256
20/01/2021 02:00:01,1/20/2021 2:00,12.813,38.218
20/01/2021 03:00:01,1/20/2021 3:00,13.188,39.376
20/01/2021 04:00:01,1/20/2021 4:00,12.813,41.571
20/01/2021 05:00:01,1/20/2021 5:00,12.75,43.528
20/01/2021 06:00:01,1/20/2021 6:00,12.75,43.887
20/01/2021 07:00:01,1/20/2021 7:00,12.313,52.43
20/01/2021 08:00:01,1/20/2021 8:00,13.5,52.989
20/01/2021 09:00:01,1/20/2021 9:00,15.625,46.122
20/01/2021 10:00:01,1/20/2021 10:00,17.563,41.252
20/01/2021 11:00:01,1/20/2021 11:00,23.125,26.761
20/01/2021 12:00:01,1/20/2021 12:00,24.938,22.01
20/01/2021 13:00:01,1/20/2021 13:00,24.938,21.571
20/01/2021 14:00:01,1/20/2021 14:00,24.563,22.369
20/01/2021 15:00:01,1/20/2021 15:00,22.063,26.681
20/01/2021 16:00:01,1/20/2021 16:00,18.75,32.429
20/01/2021 17:00:01,1/20/2021 17:00,14.125,42.929
20/01/2021 18:00:01,1/20/2021 18:00,13.25,48.917
20/01/2021 19:00:01,1/20/2021 19:00,12.188,54.386
20/01/2021 20:00:01,1/20/2021 20:00,12.875,52.191
20/01/2021 21:00:01,1/20/2021 21:00,11.688,56.821
20/01/2021 22:00:01,1/20/2021 22:00,11.438,60.095
20/01/2021 23:00:01,1/20/2021 23:00,11.438,60.015
21/01/2021 00:00:01,1/21/2021 0:00,11.313,61.133
21/01/2021 01:00:01,1/21/2021 1:00,11.25,62.53
21/01/2021 02:00:01,1/21/2021 2:00,10.375,64.886
21/01/2021 03:00:01,1/21/2021 3:00,13.188,57.979
21/01/2021 04:00:01,1/21/2021 4:00,11.188,61.093
21/01/2021 05:00:01,1/21/2021 5:00,9.125,70.435
21/01/2021 06:00:01,1/21/2021 6:00,9.188,74.666
21/01/2021 07:00:01,1/21/2021 7:00,6.938,80.654
21/01/2021 08:00:01,1/21/2021 8:00,7.125,83.289
21/01/2021 09:00:01,1/21/2021 9:00,13.75,72.87
21/01/2021 10:00:01,1/21/2021 10:00,14.813,59.975
21/01/2021 11:00:01,1/21/2021 11:00,26.438,32.988
21/01/2021 12:00:01,1/21/2021 12:00,27.063,28.437
21/01/2021 13:00:01,1/21/2021 13:00,27.125,28.876
21/01/2021 14:00:01,1/21/2021 14:00,26.063,28.437
21/01/2021 15:00:01,1/21/2021 15:00,24.313,31.831
21/01/2021 16:00:01,1/21/2021 16:00,19.5,41.052
21/01/2021 17:00:01,1/21/2021 17:00,13.688,61.372
21/01/2021 18:00:01,1/21/2021 18:00,9.125,74.786
21/01/2021 19:00:01,1/21/2021 19:00,7.875,81.852
21/01/2021 20:00:01,1/21/2021 20:00,6.625,87.162
21/01/2021 21:00:01,1/21/2021 21:00,6.188,90.715
21/01/2021 22:00:01,1/21/2021 22:00,5.625,94.268
21/01/2021 23:00:01,1/21/2021 23:00,4.875,95.465
22/01/2021 00:00:01,1/22/2021 0:00,4.875,96.863
22/01/2021 01:00:01,1/22/2021 1:00,4.5,97.861
22/01/2021 02:00:01,1/22/2021 2:00,7.438,97.342
22/01/2021 03:00:01,1/22/2021 3:00,7.5,97.9
22/01/2021 04:00:01,1/22/2021 4:00,6.813,97.781
22/01/2021 05:00:01,1/22/2021 5:00,5.25,100.416
22/01/2021 06:00:01,1/22/2021 6:00,6.625,102.132
22/01/2021 07:00:01,1/22/2021 7:00,7.313,104.727
22/01/2021 08:00:01,1/22/2021 8:00,8.875,103.41
22/01/2021 09:00:01,1/22/2021 9:00,13.563,93.389
22/01/2021 10:00:01,1/22/2021 10:00,14.313,87.84
22/01/2021 11:00:01,1/22/2021 11:00,20,62.091
22/01/2021 12:00:01,1/22/2021 12:00,18.188,60.853
22/01/2021 13:00:01,1/22/2021 13:00,16.688,65.764
22/01/2021 14:00:01,1/22/2021 14:00,14.313,71.872
22/01/2021 15:00:01,1/22/2021 15:00,13.688,68.558
22/01/2021 16:00:01,1/22/2021 16:00,13.938,67.201
22/01/2021 17:00:01,1/22/2021 17:00,10.125,73.548
22/01/2021 18:00:01,1/22/2021 18:00,10.563,77.62
22/01/2021 19:00:01,1/22/2021 19:00,10.5,80.654
22/01/2021 20:00:01,1/22/2021 20:00,9.688,87.321
22/01/2021 21:00:01,1/22/2021 21:00,9.875,95.066
22/01/2021 22:00:01,1/22/2021 22:00,9.375,102.372
22/01/2021 23:00:01,1/22/2021 23:00,8.938,103.569
23/01/2021 00:00:01,1/23/2021 0:00,8.563,106.683
23/01/2021 01:00:01,1/23/2021 1:00,7.438,107.442
23/01/2021 02:00:01,1/23/2021 2:00,5.563,108.839
23/01/2021 03:00:01,1/23/2021 3:00,7.688,107.122
23/01/2021 04:00:01,1/23/2021 4:00,6.75,108.08
23/01/2021 05:00:01,1/23/2021 5:00,7.313,109.078
23/01/2021 06:00:01,1/23/2021 6:00,7.25,108.959
23/01/2021 07:00:01,1/23/2021 7:00,7.563,110.196
23/01/2021 08:00:01,1/23/2021 8:00,9.625,108.48
23/01/2021 09:00:01,1/23/2021 9:00,12.438,107.362
23/01/2021 10:00:01,1/23/2021 10:00,12.813,107.801
23/01/2021 11:00:01,1/23/2021 11:00,9.688,109.039
23/01/2021 12:00:01,1/23/2021 12:00,8.625,109.318
23/01/2021 13:00:01,1/23/2021 13:00,8.938,109.358
23/01/2021 14:00:01,1/23/2021 14:00,9.063,108.32
23/01/2021 15:00:01,1/23/2021 15:00,9.813,109.478
23/01/2021 16:00:01,1/23/2021 16:00,9.25,109.677
23/01/2021 17:00:01,1/23/2021 17:00,8,110.715
23/01/2021 18:00:01,1/23/2021 18:00,7.375,110.995
23/01/2021 19:00:01,1/23/2021 19:00,5.625,112.352
23/01/2021 20:00:01,1/23/2021 20:00,5.438,113.27
23/01/2021 21:00:01,1/23/2021 21:00,5.375,113.709
23/01/2021 22:00:01,1/23/2021 22:00,3.438,115.027
23/01/2021 23:00:01,1/23/2021 23:00,4.75,115.905
24/01/2021 00:00:01,1/24/2021 0:00,6.063,114.348
24/01/2021 01:00:01,1/24/2021 1:00,5.875,115.626
24/01/2021 02:00:01,1/24/2021 2:00,6.063,114.468
24/01/2021 03:00:01,1/24/2021 3:00,6,116.264
24/01/2021 04:00:01,1/24/2021 4:00,3.75,116.783
24/01/2021 05:00:01,1/24/2021 5:00,2.5,117.701
24/01/2021 06:00:01,1/24/2021 6:00,2.5,118.061
24/01/2021 07:00:01,1/24/2021 7:00,1.625,118.66
24/01/2021 08:00:01,1/24/2021 8:00,2.125,118.739
24/01/2021 09:00:01,1/24/2021 9:00,4.75,119.378
24/01/2021 10:00:01,1/24/2021 10:00,8.563,114.987
24/01/2021 11:00:01,1/24/2021 11:00,16.5,105.525
24/01/2021 12:00:01,1/24/2021 12:00,20.688,102.052
24/01/2021 13:00:01,1/24/2021 13:00,17.375,102.731
24/01/2021 14:00:01,1/24/2021 14:00,12.5,103.809
24/01/2021 15:00:01,1/24/2021 15:00,14.375,103.45
24/01/2021 16:00:01,1/24/2021 16:00,9.813,107.482
24/01/2021 17:00:01,1/24/2021 17:00,8.688,108.719
24/01/2021 18:00:01,1/24/2021 18:00,8.313,109.917
24/01/2021 19:00:01,1/24/2021 19:00,7.375,109.797
24/01/2021 20:00:01,1/24/2021 20:00,7.75,110.196
24/01/2021 21:00:01,1/24/2021 21:00,7.938,109.518
24/01/2021 22:00:01,1/24/2021 22:00,7.813,109.997
24/01/2021 23:00:01,1/24/2021 23:00,7.688,109.837
25/01/2021 00:00:01,1/25/2021 0:00,7.563,110.236
25/01/2021 01:00:01,1/25/2021 1:00,7.438,110.476
25/01/2021 02:00:01,1/25/2021 2:00,7.563,110.955
25/01/2021 03:00:01,1/25/2021 3:00,7.313,111.194
25/01/2021 04:00:01,1/25/2021 4:00,6.688,110.795
25/01/2021 05:00:01,1/25/2021 5:00,6.188,111.354
25/01/2021 06:00:01,1/25/2021 6:00,5.875,111.114
25/01/2021 07:00:01,1/25/2021 7:00,5.063,111.713
25/01/2021 08:00:01,1/25/2021 8:00,3.375,113.55
25/01/2021 09:00:01,1/25/2021 9:00,6.438,111.114
25/01/2021 10:00:01,1/25/2021 10:00,8.188,109.877
25/01/2021 11:00:01,1/25/2021 11:00,9.5,109.518
25/01/2021 12:00:01,1/25/2021 12:00,9.313,107.881
25/01/2021 13:00:01,1/25/2021 13:00,8.875,108.999
25/01/2021 14:00:01,1/25/2021 14:00,13.875,101.933
25/01/2021 15:00:01,1/25/2021 15:00,11.063,101.254
25/01/2021 16:00:01,1/25/2021 16:00,8.75,107.082
25/01/2021 17:00:01,1/25/2021 17:00,5.563,110.077
25/01/2021 18:00:01,1/25/2021 18:00,5.5,110.595
25/01/2021 19:00:01,1/25/2021 19:00,4.063,111.753
25/01/2021 20:00:01,1/25/2021 20:00,1.25,113.47
25/01/2021 21:00:01,1/25/2021 21:00,0.75,113.47
25/01/2021 22:00:01,1/25/2021 22:00,0.375,113.709
25/01/2021 23:00:01,1/25/2021 23:00,-0.25,114.987
26/01/2021 00:00:01,1/26/2021 0:00,0.063,115.027
26/01/2021 01:00:01,1/26/2021 1:00,-0.313,114.109
26/01/2021 02:00:01,1/26/2021 2:00,-0.563,115.306
26/01/2021 03:00:01,1/26/2021 3:00,-0.625,114.747
26/01/2021 04:00:01,1/26/2021 4:00,-0.688,115.107
26/01/2021 05:00:01,1/26/2021 5:00,-1,115.426
26/01/2021 06:00:01,1/26/2021 6:00,-1.375,116.105
26/01/2021 07:00:01,1/26/2021 7:00,-1.688,116.624
26/01/2021 08:00:01,1/26/2021 8:00,-1.313,115.346
26/01/2021 09:00:01,1/26/2021 9:00,0.688,112.831
26/01/2021 10:00:01,1/26/2021 10:00,7.563,110.875
26/01/2021 11:00:01,1/26/2021 11:00,13.313,100.575
26/01/2021 12:00:01,1/26/2021 12:00,14.5,102.052
26/01/2021 13:00:01,1/26/2021 13:00,15.5,97.821
26/01/2021 14:00:01,1/26/2021 14:00,15.25,94.547
26/01/2021 15:00:01,1/26/2021 15:00,12.938,94.866
26/01/2021 16:00:01,1/26/2021 16:00,10,95.346
26/01/2021 17:00:01,1/26/2021 17:00,5,106.603
26/01/2021 18:00:01,1/26/2021 18:00,3.313,109.837
26/01/2021 19:00:01,1/26/2021 19:00,2,112.112
26/01/2021 20:00:01,1/26/2021 20:00,3.75,111.394
26/01/2021 21:00:01,1/26/2021 21:00,2.063,112.592
26/01/2021 22:00:01,1/26/2021 22:00,0.938,112.671
26/01/2021 23:00:01,1/26/2021 23:00,0.75,113.031
27/01/2021 00:00:01,1/27/2021 0:00,1.125,112.552
27/01/2021 01:00:01,1/27/2021 1:00,4,111.833
27/01/2021 02:00:01,1/27/2021 2:00,4.625,112.711
27/01/2021 03:00:01,1/27/2021 3:00,4.25,111.873
27/01/2021 04:00:01,1/27/2021 4:00,3.688,111.394
27/01/2021 05:00:01,1/27/2021 5:00,3.063,113.031
27/01/2021 06:00:01,1/27/2021 6:00,2.438,112.671
27/01/2021 07:00:01,1/27/2021 7:00,2,113.031
27/01/2021 08:00:01,1/27/2021 8:00,5.5,111.673
27/01/2021 09:00:01,1/27/2021 9:00,7.25,111.194
27/01/2021 10:00:01,1/27/2021 10:00,8.875,110.156
27/01/2021 11:00:01,1/27/2021 11:00,14.688,106.084
27/01/2021 12:00:01,1/27/2021 12:00,17.75,80.654
27/01/2021 13:00:01,1/27/2021 13:00,19.688,75.824
27/01/2021 14:00:01,1/27/2021 14:00,17.875,72.87
27/01/2021 15:00:01,1/27/2021 15:00,15.813,77.101
27/01/2021 16:00:01,1/27/2021 16:00,13.563,80.295
27/01/2021 17:00:01,1/27/2021 17:00,8.313,94.268
27/01/2021 18:00:01,1/27/2021 18:00,8.063,101.493
27/01/2021 19:00:01,1/27/2021 19:00,6.938,107.921
27/01/2021 20:00:01,1/27/2021 20:00,6.938,108.679
27/01/2021 21:00:01,1/27/2021 21:00,4.438,110.276
27/01/2021 22:00:01,1/27/2021 22:00,3.125,110.955
27/01/2021 23:00:01,1/27/2021 23:00,2.375,111.633
28/01/2021 00:00:01,1/28/2021 0:00,2.063,111.474
28/01/2021 01:00:01,1/28/2021 1:00,1.688,112.432
28/01/2021 02:00:01,1/28/2021 2:00,1.438,113.31
28/01/2021 03:00:01,1/28/2021 3:00,1.563,112.751
28/01/2021 04:00:01,1/28/2021 4:00,1.813,113.749
28/01/2021 05:00:01,1/28/2021 5:00,1.625,112.432
28/01/2021 06:00:01,1/28/2021 6:00,1.938,114.148
28/01/2021 07:00:01,1/28/2021 7:00,1.688,112.871
28/01/2021 08:00:01,1/28/2021 8:00,2.563,112.991
28/01/2021 09:00:01,1/28/2021 9:00,9.938,108.639
28/01/2021 10:00:01,1/28/2021 10:00,10.5,110.595
28/01/2021 11:00:01,1/28/2021 11:00,18.688,80.135
28/01/2021 12:00:01,1/28/2021 12:00,19.938,54.426
28/01/2021 13:00:01,1/28/2021 13:00,19.313,51.951
28/01/2021 14:00:01,1/28/2021 14:00,17.875,49.236
28/01/2021 15:00:01,1/28/2021 15:00,15.188,48.638
28/01/2021 16:00:01,1/28/2021 16:00,12.938,58.298
28/01/2021 17:00:01,1/28/2021 17:00,9.75,75.864
28/01/2021 18:00:01,1/28/2021 18:00,8.25,92.112
28/01/2021 19:00:01,1/28/2021 19:00,8.688,90.715
28/01/2021 20:00:01,1/28/2021 20:00,10.125,88.599
28/01/2021 21:00:01,1/28/2021 21:00,10.313,91.912
28/01/2021 22:00:01,1/28/2021 22:00,9.5,105.326
28/01/2021 23:00:01,1/28/2021 23:00,8.5,107.601
29/01/2021 00:00:01,1/29/2021 0:00,8.438,108.599
29/01/2021 01:00:01,1/29/2021 1:00,8.188,108.48
29/01/2021 02:00:01,1/29/2021 2:00,7.875,108.999
29/01/2021 03:00:01,1/29/2021 3:00,7.875,109.438
29/01/2021 04:00:01,1/29/2021 4:00,7.938,109.717
29/01/2021 05:00:01,1/29/2021 5:00,8,109.198
29/01/2021 06:00:01,1/29/2021 6:00,8.5,109.118
29/01/2021 07:00:01,1/29/2021 7:00,6.625,109.238
29/01/2021 08:00:01,1/29/2021 8:00,9.5,109.078
29/01/2021 09:00:01,1/29/2021 9:00,9.75,108.32
29/01/2021 10:00:01,1/29/2021 10:00,9.75,108.24
29/01/2021 11:00:01,1/29/2021 11:00,15.313,105.685
29/01/2021 12:00:01,1/29/2021 12:00,9.438,108.28
29/01/2021 13:00:01,1/29/2021 13:00,12,107.402
29/01/2021 14:00:01,1/29/2021 14:00,10.625,107.681
29/01/2021 15:00:01,1/29/2021 15:00,14.375,103.769
29/01/2021 16:00:01,1/29/2021 16:00,11.625,106.963
29/01/2021 17:00:01,1/29/2021 17:00,10.063,108.679
29/01/2021 18:00:01,1/29/2021 18:00,8.938,109.158
29/01/2021 19:00:01,1/29/2021 19:00,8.375,109.677
29/01/2021 20:00:01,1/29/2021 20:00,7.875,110.196
29/01/2021 21:00:01,1/29/2021 21:00,7.688,109.917
29/01/2021 22:00:01,1/29/2021 22:00,7.563,109.358
29/01/2021 23:00:01,1/29/2021 23:00,4.563,112.711
30/01/2021 00:00:01,1/30/2021 0:00,5.938,111.434
30/01/2021 01:00:01,1/30/2021 1:00,5.813,111.953
30/01/2021 02:00:01,1/30/2021 2:00,3.313,112.192
30/01/2021 03:00:01,1/30/2021 3:00,2.563,114.388
30/01/2021 04:00:01,1/30/2021 4:00,2.625,113.869
30/01/2021 05:00:01,1/30/2021 5:00,2,114.508
30/01/2021 06:00:01,1/30/2021 6:00,1.375,114.827
30/01/2021 07:00:01,1/30/2021 7:00,1.313,115.266
30/01/2021 08:00:01,1/30/2021 8:00,3.125,115.147
30/01/2021 09:00:01,1/30/2021 9:00,8.625,112.312
30/01/2021 10:00:01,1/30/2021 10:00,16.75,104.607
30/01/2021 11:00:01,1/30/2021 11:00,20.063,93.23
30/01/2021 12:00:01,1/30/2021 12:00,17.688,102.452
30/01/2021 13:00:01,1/30/2021 13:00,18.25,102.132
30/01/2021 14:00:01,1/30/2021 14:00,19,100.296
30/01/2021 15:00:01,1/30/2021 15:00,16.938,100.895
30/01/2021 16:00:01,1/30/2021 16:00,14.313,103.729
30/01/2021 17:00:01,1/30/2021 17:00,10.375,109.558
30/01/2021 18:00:01,1/30/2021 18:00,7.625,109.518
30/01/2021 19:00:01,1/30/2021 19:00,6.688,110.635
30/01/2021 20:00:01,1/30/2021 20:00,5.5,111.075
30/01/2021 21:00:01,1/30/2021 21:00,6.25,111.274
30/01/2021 22:00:01,1/30/2021 22:00,5.313,111.713
30/01/2021 23:00:01,1/30/2021 23:00,5.125,111.594
31/01/2021 00:00:01,1/31/2021 0:00,5,111.873
31/01/2021 01:00:01,1/31/2021 1:00,5.188,112.152
31/01/2021 02:00:01,1/31/2021 2:00,5.5,113.15
31/01/2021 03:00:01,1/31/2021 3:00,5.25,112.033
31/01/2021 04:00:01,1/31/2021 4:00,5.438,112.472
31/01/2021 05:00:01,1/31/2021 5:00,5.875,111.713
31/01/2021 06:00:01,1/31/2021 6:00,5.938,111.554
31/01/2021 07:00:01,1/31/2021 7:00,6.313,110.915
31/01/2021 08:00:01,1/31/2021 8:00,6.813,110.396
31/01/2021 09:00:01,1/31/2021 9:00,10.563,109.118
31/01/2021 10:00:01,1/31/2021 10:00,13.125,105.166
31/01/2021 11:00:01,1/31/2021 11:00,15.25,92.751
31/01/2021 12:00:01,1/31/2021 12:00,22.938,77.141
31/01/2021 13:00:01,1/31/2021 13:00,22.313,71.473
31/01/2021 14:00:01,1/31/2021 14:00,18.25,81.812
31/01/2021 15:00:01,1/31/2021 15:00,16.625,86.922
31/01/2021 16:00:01,1/31/2021 16:00,14.313,90.794
31/01/2021 17:00:01,1/31/2021 17:00,12.563,103.569
31/01/2021 18:00:01,1/31/2021 18:00,11.625,103.25
31/01/2021 19:00:01,1/31/2021 19:00,10.75,105.525
31/01/2021 20:00:01,1/31/2021 20:00,10.188,106.164
31/01/2021 21:00:01,1/31/2021 21:00,10.25,103.649
31/01/2021 22:00:01,1/31/2021 22:00,11.375,92.471
31/01/2021 23:00:01,1/31/2021 23:00,9.375,98.06
1/2/2021 0:00,2/1/2021 0:00,10.438,93.629
1/2/2021 1:00,2/1/2021 1:00,9.875,102.332
1/2/2021 2:00,2/1/2021 2:00,9.813,102.212
1/2/2021 3:00,2/1/2021 3:00,10.688,95.106
1/2/2021 4:00,2/1/2021 4:00,11.188,93.629
1/2/2021 5:00,2/1/2021 5:00,11.188,96.863
1/2/2021 6:00,2/1/2021 6:00,11.563,87.481
1/2/2021 7:00,2/1/2021 7:00,11.063,94.427
1/2/2021 8:00,2/1/2021 8:00,11.375,96.423
1/2/2021 9:00,2/1/2021 9:00,11.5,100.855
1/2/2021 10:00,2/1/2021 10:00,13.375,95.306
1/2/2021 11:00,2/1/2021 11:00,15.125,90.116
1/2/2021 12:00,2/1/2021 12:00,16.688,82.331
1/2/2021 13:00,2/1/2021 13:00,16.875,80.175
1/2/2021 14:00,2/1/2021 14:00,17.75,81.054
1/2/2021 15:00,2/1/2021 15:00,18.438,81.333
1/2/2021 16:00,2/1/2021 16:00,15.563,85.205
1/2/2021 17:00,2/1/2021 17:00,13.5,96.224
1/2/2021 18:00,2/1/2021 18:00,9.938,105.645
1/2/2021 19:00,2/1/2021 19:00,9.438,107.003
1/2/2021 20:00,2/1/2021 20:00,11.063,105.446
1/2/2021 21:00,2/1/2021 21:00,11.125,104.687
1/2/2021 22:00,2/1/2021 22:00,11.125,104.887
1/2/2021 23:00,2/1/2021 23:00,11,103.689
2/2/2021 0:00,2/2/2021 0:00,10.875,98.06
2/2/2021 1:00,2/2/2021 1:00,10.5,102.012
2/2/2021 2:00,2/2/2021 2:00,11.063,95.705
2/2/2021 3:00,2/2/2021 3:00,10.75,100.655
2/2/2021 4:00,2/2/2021 4:00,9.813,103.37
2/2/2021 5:00,2/2/2021 5:00,9.375,105.605
2/2/2021 6:00,2/2/2021 6:00,7.5,107.601
2/2/2021 7:00,2/2/2021 7:00,8,109.198
2/2/2021 8:00,2/2/2021 8:00,8.688,108.919
2/2/2021 9:00,2/2/2021 9:00,12.625,105.925
2/2/2021 10:00,2/2/2021 10:00,19.625,89.677
2/2/2021 11:00,2/2/2021 11:00,22.813,71.792
2/2/2021 12:00,2/2/2021 12:00,25.313,62.73
2/2/2021 13:00,2/2/2021 13:00,25.875,60.055
2/2/2021 14:00,2/2/2021 14:00,25.125,61.572
2/2/2021 15:00,2/2/2021 15:00,22.25,67.321
2/2/2021 16:00,2/2/2021 16:00,18.5,76.503
2/2/2021 17:00,2/2/2021 17:00,13.875,91.353
2/2/2021 18:00,2/2/2021 18:00,11.188,101.933
2/2/2021 19:00,2/2/2021 19:00,9.438,107.003
2/2/2021 20:00,2/2/2021 20:00,8.188,107.601
2/2/2021 21:00,2/2/2021 21:00,7.938,108.679
2/2/2021 22:00,2/2/2021 22:00,7.5,109.078
2/2/2021 23:00,2/2/2021 23:00,6.5,109.597
3/2/2021 0:00,2/3/2021 0:00,6.563,110.156
3/2/2021 1:00,2/3/2021 1:00,6.563,110.995
3/2/2021 2:00,2/3/2021 2:00,5.813,110.396
3/2/2021 3:00,2/3/2021 3:00,6.25,111.753
3/2/2021 4:00,2/3/2021 4:00,5.813,110.516
3/2/2021 5:00,2/3/2021 5:00,5.25,110.875
3/2/2021 6:00,2/3/2021 6:00,4.5,111.833
3/2/2021 7:00,2/3/2021 7:00,5.313,111.434
3/2/2021 8:00,2/3/2021 8:00,6.063,112.352
3/2/2021 9:00,2/3/2021 9:00,14.75,107.242
3/2/2021 10:00,2/3/2021 10:00,16.5,105.725
3/2/2021 11:00,2/3/2021 11:00,20.125,102.891
3/2/2021 12:00,2/3/2021 12:00,21.063,88.279
3/2/2021 13:00,2/3/2021 13:00,23.438,73.788
3/2/2021 14:00,2/3/2021 14:00,22.063,71.393
3/2/2021 15:00,2/3/2021 15:00,18.75,75.385
3/2/2021 16:00,2/3/2021 16:00,14.813,84.886
3/2/2021 17:00,2/3/2021 17:00,11.813,96.423
3/2/2021 18:00,2/3/2021 18:00,9.688,104.248
3/2/2021 19:00,2/3/2021 19:00,8.438,107.322
3/2/2021 20:00,2/3/2021 20:00,7.563,108.879
3/2/2021 21:00,2/3/2021 21:00,7.688,108.28
3/2/2021 22:00,2/3/2021 22:00,6.813,109.358
3/2/2021 23:00,2/3/2021 23:00,5.375,110.196
4/2/2021 0:00,2/4/2021 0:00,4.25,111.594
4/2/2021 1:00,2/4/2021 1:00,4.313,111.154
4/2/2021 2:00,2/4/2021 2:00,3.5,112.073
4/2/2021 3:00,2/4/2021 3:00,3.375,112.232
4/2/2021 4:00,2/4/2021 4:00,7.313,110.755
4/2/2021 5:00,2/4/2021 5:00,8.625,110.356
4/2/2021 6:00,2/4/2021 6:00,8.313,112.192
4/2/2021 7:00,2/4/2021 7:00,8.813,109.078
4/2/2021 8:00,2/4/2021 8:00,10.063,108.879
4/2/2021 9:00,2/4/2021 9:00,16.5,106.044
4/2/2021 10:00,2/4/2021 10:00,16.938,105.126
4/2/2021 11:00,2/4/2021 11:00,19.625,95.066
4/2/2021 12:00,2/4/2021 12:00,21,81.692
4/2/2021 13:00,2/4/2021 13:00,22.188,68.439
4/2/2021 14:00,2/4/2021 14:00,22.25,64.806
4/2/2021 15:00,2/4/2021 15:00,20.125,72.391
4/2/2021 16:00,2/4/2021 16:00,16.688,78.579
4/2/2021 17:00,2/4/2021 17:00,11.938,90.954
4/2/2021 18:00,2/4/2021 18:00,8.813,106.005
4/2/2021 19:00,2/4/2021 19:00,7.438,107.082
4/2/2021 20:00,2/4/2021 20:00,6.125,108.599
4/2/2021 21:00,2/4/2021 21:00,5.188,110.037
4/2/2021 22:00,2/4/2021 22:00,4.688,109.558
4/2/2021 23:00,2/4/2021 23:00,4.625,110.595
5/2/2021 0:00,2/5/2021 0:00,3.938,110.955
5/2/2021 1:00,2/5/2021 1:00,3.625,111.633
5/2/2021 2:00,2/5/2021 2:00,3.625,111.594
5/2/2021 3:00,2/5/2021 3:00,3.563,112.232
5/2/2021 4:00,2/5/2021 4:00,3.188,113.789
5/2/2021 5:00,2/5/2021 5:00,3.125,113.31
5/2/2021 6:00,2/5/2021 6:00,2.938,113.869
5/2/2021 7:00,2/5/2021 7:00,3.563,113.909
5/2/2021 8:00,2/5/2021 8:00,4.625,112.991
5/2/2021 9:00,2/5/2021 9:00,14.813,108.28
5/2/2021 10:00,2/5/2021 10:00,16.625,104.607
5/2/2021 11:00,2/5/2021 11:00,20.25,93.988
5/2/2021 12:00,2/5/2021 12:00,22.188,73.309
5/2/2021 13:00,2/5/2021 13:00,23.938,60.334
5/2/2021 14:00,2/5/2021 14:00,24.063,55.704
5/2/2021 15:00,2/5/2021 15:00,22,62.011
5/2/2021 16:00,2/5/2021 16:00,17.938,70.315
5/2/2021 17:00,2/5/2021 17:00,12.438,86.283
5/2/2021 18:00,2/5/2021 18:00,8.188,106.563
5/2/2021 19:00,2/5/2021 19:00,6.438,108.679
5/2/2021 20:00,2/5/2021 20:00,5.313,109.358
5/2/2021 21:00,2/5/2021 21:00,4.688,110.156
5/2/2021 22:00,2/5/2021 22:00,4.063,111.354
5/2/2021 23:00,2/5/2021 23:00,3.875,112.472
6/2/2021 0:00,2/6/2021 0:00,3.875,109.398
6/2/2021 1:00,2/6/2021 1:00,3.313,111.753
6/2/2021 2:00,2/6/2021 2:00,3,112.791
6/2/2021 3:00,2/6/2021 3:00,2.688,112.512
6/2/2021 4:00,2/6/2021 4:00,2.438,113.51
6/2/2021 5:00,2/6/2021 5:00,2.875,114.268
6/2/2021 6:00,2/6/2021 6:00,2.688,113.39
6/2/2021 7:00,2/6/2021 7:00,3.188,112.631
6/2/2021 8:00,2/6/2021 8:00,4.063,113.071
6/2/2021 9:00,2/6/2021 9:00,11.063,110.476
6/2/2021 10:00,2/6/2021 10:00,17.5,105.565
6/2/2021 11:00,2/6/2021 11:00,22.625,70.395
6/2/2021 12:00,2/6/2021 12:00,24.375,50.035
6/2/2021 13:00,2/6/2021 13:00,25.625,46.681
6/2/2021 14:00,2/6/2021 14:00,25.25,47.799
6/2/2021 15:00,2/6/2021 15:00,23.688,53.907
6/2/2021 16:00,2/6/2021 16:00,20.313,65.884
6/2/2021 17:00,2/6/2021 17:00,14.563,80.854
6/2/2021 18:00,2/6/2021 18:00,9.25,103.17
6/2/2021 19:00,2/6/2021 19:00,8.188,107.082
6/2/2021 20:00,2/6/2021 20:00,7.063,108.839
6/2/2021 21:00,2/6/2021 21:00,6.063,110.077
6/2/2021 22:00,2/6/2021 22:00,5.563,110.077
6/2/2021 23:00,2/6/2021 23:00,5.313,110.436
7/2/2021 0:00,2/7/2021 0:00,3.938,111.793
7/2/2021 1:00,2/7/2021 1:00,3.875,112.392
7/2/2021 2:00,2/7/2021 2:00,3.688,111.713
7/2/2021 3:00,2/7/2021 3:00,3.063,111.673
7/2/2021 4:00,2/7/2021 4:00,2.875,111.993
7/2/2021 5:00,2/7/2021 5:00,3.375,112.272
7/2/2021 6:00,2/7/2021 6:00,3.063,113.949
7/2/2021 7:00,2/7/2021 7:00,2.813,112.392
7/2/2021 8:00,2/7/2021 8:00,4,112.312
7/2/2021 9:00,2/7/2021 9:00,11.813,108.719
7/2/2021 10:00,2/7/2021 10:00,16.813,104.967
7/2/2021 11:00,2/7/2021 11:00,21.938,70.115
7/2/2021 12:00,2/7/2021 12:00,25.25,57.42
7/2/2021 13:00,2/7/2021 13:00,25.375,50.793
7/2/2021 14:00,2/7/2021 14:00,24,47.32
7/2/2021 15:00,2/7/2021 15:00,22.188,59.616
7/2/2021 16:00,2/7/2021 16:00,18.125,67.081
7/2/2021 17:00,2/7/2021 17:00,12.313,85.086
7/2/2021 18:00,2/7/2021 18:00,8.375,105.805
7/2/2021 19:00,2/7/2021 19:00,6.688,106.563
7/2/2021 20:00,2/7/2021 20:00,6.563,108.799
7/2/2021 21:00,2/7/2021 21:00,5.688,109.797
7/2/2021 22:00,2/7/2021 22:00,4.25,112.192
7/2/2021 23:00,2/7/2021 23:00,3.875,111.633
8/2/2021 0:00,2/8/2021 0:00,3.688,111.633
8/2/2021 1:00,2/8/2021 1:00,3.313,112.432
8/2/2021 2:00,2/8/2021 2:00,2.25,112.312
8/2/2021 3:00,2/8/2021 3:00,2.875,112.232
8/2/2021 4:00,2/8/2021 4:00,1.75,112.951
8/2/2021 5:00,2/8/2021 5:00,1.188,114.069
8/2/2021 6:00,2/8/2021 6:00,0.563,113.949
8/2/2021 7:00,2/8/2021 7:00,5.125,112.352
8/2/2021 8:00,2/8/2021 8:00,2.563,112.512
8/2/2021 9:00,2/8/2021 9:00,9.875,110.396
8/2/2021 10:00,2/8/2021 10:00,18.563,102.571
8/2/2021 11:00,2/8/2021 11:00,17.25,104.288
8/2/2021 12:00,2/8/2021 12:00,19.688,88.08
8/2/2021 13:00,2/8/2021 13:00,22.625,63.927
8/2/2021 14:00,2/8/2021 14:00,23.063,63.089
8/2/2021 15:00,2/8/2021 15:00,20,65.764
8/2/2021 16:00,2/8/2021 16:00,16.188,77.141
8/2/2021 17:00,2/8/2021 17:00,10.875,92.032
8/2/2021 18:00,2/8/2021 18:00,8.313,101.254
8/2/2021 19:00,2/8/2021 19:00,6.125,107.082
8/2/2021 20:00,2/8/2021 20:00,5.875,108.559
8/2/2021 21:00,2/8/2021 21:00,9.25,106.883
8/2/2021 22:00,2/8/2021 22:00,9.25,107.242
8/2/2021 23:00,2/8/2021 23:00,9.188,107.561
9/2/2021 0:00,2/9/2021 0:00,8.938,107.641
9/2/2021 1:00,2/9/2021 1:00,8.688,108.08
9/2/2021 2:00,2/9/2021 2:00,8.188,107.601
9/2/2021 3:00,2/9/2021 3:00,7.75,107.322
9/2/2021 4:00,2/9/2021 4:00,8.063,108.799
9/2/2021 5:00,2/9/2021 5:00,7.813,108.32
9/2/2021 6:00,2/9/2021 6:00,7.875,108.719
9/2/2021 7:00,2/9/2021 7:00,8.625,108.799
9/2/2021 8:00,2/9/2021 8:00,9.563,107.681
9/2/2021 9:00,2/9/2021 9:00,12.063,105.565
9/2/2021 10:00,2/9/2021 10:00,13.438,102.651
9/2/2021 11:00,2/9/2021 11:00,14.563,99.058
9/2/2021 12:00,2/9/2021 12:00,14.438,91.912
9/2/2021 13:00,2/9/2021 13:00,16.5,81.173
9/2/2021 14:00,2/9/2021 14:00,17.063,76.543
9/2/2021 15:00,2/9/2021 15:00,16.813,82.69
9/2/2021 16:00,2/9/2021 16:00,13,88.998
9/2/2021 17:00,2/9/2021 17:00,12.063,93.709
9/2/2021 18:00,2/9/2021 18:00,10.938,96.583
9/2/2021 19:00,2/9/2021 19:00,10.438,99.697
9/2/2021 20:00,2/9/2021 20:00,10.063,103.09
9/2/2021 21:00,2/9/2021 21:00,10.313,104.527
9/2/2021 22:00,2/9/2021 22:00,9.313,106.084
9/2/2021 23:00,2/9/2021 23:00,6.5,110.516
10/2/2021 0:00,2/10/2021 0:00,5.625,109.917
10/2/2021 1:00,2/10/2021 1:00,9,108.28
10/2/2021 2:00,2/10/2021 2:00,9.25,108.639
10/2/2021 3:00,2/10/2021 3:00,9.25,108.599
10/2/2021 4:00,2/10/2021 4:00,9.063,108.48
10/2/2021 5:00,2/10/2021 5:00,9,108.599
10/2/2021 6:00,2/10/2021 6:00,9,108.919
10/2/2021 7:00,2/10/2021 7:00,9.25,109.039
10/2/2021 8:00,2/10/2021 8:00,10.75,108.2
10/2/2021 9:00,2/10/2021 9:00,9.813,108.28
10/2/2021 10:00,2/10/2021 10:00,16.813,105.086
10/2/2021 11:00,2/10/2021 11:00,12.75,102.332
10/2/2021 12:00,2/10/2021 12:00,19.375,78.858
10/2/2021 13:00,2/10/2021 13:00,23.188,66.243
10/2/2021 14:00,2/10/2021 14:00,20.5,69.437
10/2/2021 15:00,2/10/2021 15:00,18.25,72.271
10/2/2021 16:00,2/10/2021 16:00,15.813,82.291
10/2/2021 17:00,2/10/2021 17:00,11.688,92.511
10/2/2021 18:00,2/10/2021 18:00,9,101.493
10/2/2021 19:00,2/10/2021 19:00,7,106.923
10/2/2021 20:00,2/10/2021 20:00,5.875,108.839
10/2/2021 21:00,2/10/2021 21:00,5.25,109.478
10/2/2021 22:00,2/10/2021 22:00,5.875,109.717
10/2/2021 23:00,2/10/2021 23:00,5.438,110.516
11/2/2021 0:00,2/11/2021 0:00,4.625,110.995
11/2/2021 1:00,2/11/2021 1:00,4.75,110.915
11/2/2021 2:00,2/11/2021 2:00,4.5,110.715
11/2/2021 3:00,2/11/2021 3:00,4,111.873
11/2/2021 4:00,2/11/2021 4:00,4.188,112.432
11/2/2021 5:00,2/11/2021 5:00,4.125,112.232
11/2/2021 6:00,2/11/2021 6:00,4.125,113.23
11/2/2021 7:00,2/11/2021 7:00,4,113.47
11/2/2021 8:00,2/11/2021 8:00,6.375,111.753
11/2/2021 9:00,2/11/2021 9:00,16.063,105.286
11/2/2021 10:00,2/11/2021 10:00,17.25,103.689
11/2/2021 11:00,2/11/2021 11:00,17.438,98.14
11/2/2021 12:00,2/11/2021 12:00,22.625,85.724
11/2/2021 13:00,2/11/2021 13:00,24.875,65.923
11/2/2021 14:00,2/11/2021 14:00,23.438,61.173
11/2/2021 15:00,2/11/2021 15:00,20.625,65.165
11/2/2021 16:00,2/11/2021 16:00,16.625,76.503
11/2/2021 17:00,2/11/2021 17:00,11.75,94.347
11/2/2021 18:00,2/11/2021 18:00,10.313,104.368
11/2/2021 19:00,2/11/2021 19:00,10.938,105.605
11/2/2021 20:00,2/11/2021 20:00,9.688,106.124
11/2/2021 21:00,2/11/2021 21:00,11,106.324
11/2/2021 22:00,2/11/2021 22:00,10.688,106.603
11/2/2021 23:00,2/11/2021 23:00,8.75,106.284
12/2/2021 0:00,2/12/2021 0:00,10.563,108.32
12/2/2021 1:00,2/12/2021 1:00,10.625,107.362
12/2/2021 2:00,2/12/2021 2:00,10.625,106.803
12/2/2021 3:00,2/12/2021 3:00,10.688,107.442
12/2/2021 4:00,2/12/2021 4:00,10.438,107.561
12/2/2021 5:00,2/12/2021 5:00,10.063,108.36
12/2/2021 6:00,2/12/2021 6:00,10.188,107.961
12/2/2021 7:00,2/12/2021 7:00,10.25,107.402
12/2/2021 8:00,2/12/2021 8:00,11.125,108.679
12/2/2021 9:00,2/12/2021 9:00,11.125,108.559
12/2/2021 10:00,2/12/2021 10:00,12.375,107.402
12/2/2021 11:00,2/12/2021 11:00,22.5,94.028
12/2/2021 12:00,2/12/2021 12:00,25.313,89.996
12/2/2021 13:00,2/12/2021 13:00,19.438,98.739
12/2/2021 14:00,2/12/2021 14:00,20.313,97.382
12/2/2021 15:00,2/12/2021 15:00,19.063,94.068
12/2/2021 16:00,2/12/2021 16:00,16.5,96.184
12/2/2021 17:00,2/12/2021 17:00,12.063,96.104
12/2/2021 18:00,2/12/2021 18:00,8.375,106.723
12/2/2021 19:00,2/12/2021 19:00,6.813,110.276
12/2/2021 20:00,2/12/2021 20:00,6.188,110.156
12/2/2021 21:00,2/12/2021 21:00,5.688,110.795
12/2/2021 22:00,2/12/2021 22:00,6.5,109.797
12/2/2021 23:00,2/12/2021 23:00,6.188,111.274
13/02/2021 00:00:01,2/13/2021 0:00,5.375,112.112
13/02/2021 01:00:01,2/13/2021 1:00,6.188,111.434
13/02/2021 02:00:01,2/13/2021 2:00,5.125,111.474
13/02/2021 03:00:01,2/13/2021 3:00,4.625,111.274
13/02/2021 04:00:01,2/13/2021 4:00,3.75,112.552
13/02/2021 05:00:01,2/13/2021 5:00,4.125,112.352
13/02/2021 06:00:01,2/13/2021 6:00,5,113.031
13/02/2021 07:00:01,2/13/2021 7:00,6.25,112.631
13/02/2021 08:00:01,2/13/2021 8:00,9.188,110.635
13/02/2021 09:00:01,2/13/2021 9:00,12.438,108.839
13/02/2021 10:00:01,2/13/2021 10:00,14,106.084
13/02/2021 11:00:01,2/13/2021 11:00,13.5,107.601
13/02/2021 12:00:01,2/13/2021 12:00,15.813,106.124
13/02/2021 13:00:01,2/13/2021 13:00,17.625,105.286
13/02/2021 14:00:01,2/13/2021 14:00,19.625,89.238
13/02/2021 15:00:01,2/13/2021 15:00,14.688,92.471
13/02/2021 16:00:01,2/13/2021 16:00,13.375,99.817
13/02/2021 17:00:01,2/13/2021 17:00,11.25,100.815
13/02/2021 18:00:01,2/13/2021 18:00,11.25,101.453
13/02/2021 19:00:01,2/13/2021 19:00,9.375,105.206
13/02/2021 20:00:01,2/13/2021 20:00,7.438,108.08
13/02/2021 21:00:01,2/13/2021 21:00,7.063,109.039
13/02/2021 22:00:01,2/13/2021 22:00,4.813,110.835
13/02/2021 23:00:01,2/13/2021 23:00,4.813,110.835
14/02/2021 00:00:01,2/14/2021 0:00,3.438,114.308
14/02/2021 01:00:01,2/14/2021 1:00,3.563,112.312
14/02/2021 02:00:01,2/14/2021 2:00,2.875,112.991
14/02/2021 03:00:01,2/14/2021 3:00,2.75,114.588
14/02/2021 04:00:01,2/14/2021 4:00,2.438,113.031
14/02/2021 05:00:01,2/14/2021 5:00,1.75,114.029
14/02/2021 06:00:01,2/14/2021 6:00,2.063,113.829
14/02/2021 07:00:01,2/14/2021 7:00,2.938,114.508
14/02/2021 08:00:01,2/14/2021 8:00,5.875,112.871
14/02/2021 09:00:01,2/14/2021 9:00,12.938,109.398
14/02/2021 10:00:01,2/14/2021 10:00,16.938,104.887
14/02/2021 11:00:01,2/14/2021 11:00,18.25,103.13
14/02/2021 12:00:01,2/14/2021 12:00,20.25,84.207
14/02/2021 13:00:01,2/14/2021 13:00,22.188,66.243
14/02/2021 14:00:01,2/14/2021 14:00,16.563,70.674
14/02/2021 15:00:01,2/14/2021 15:00,14.938,64.167
14/02/2021 16:00:01,2/14/2021 16:00,15.875,65.484
14/02/2021 17:00:01,2/14/2021 17:00,11.313,75.225
14/02/2021 18:00:01,2/14/2021 18:00,6.75,97.741
14/02/2021 19:00:01,2/14/2021 19:00,5.563,104.727
14/02/2021 20:00:01,2/14/2021 20:00,4.5,108.959
14/02/2021 21:00:01,2/14/2021 21:00,4.125,110.116
14/02/2021 22:00:01,2/14/2021 22:00,3.625,110.875
14/02/2021 23:00:01,2/14/2021 23:00,3.313,110.276
15/02/2021 00:00:01,2/15/2021 0:00,4.813,110.156
15/02/2021 01:00:01,2/15/2021 1:00,3.188,110.037
15/02/2021 02:00:01,2/15/2021 2:00,3.5,111.314
15/02/2021 03:00:01,2/15/2021 3:00,5.188,110.795
15/02/2021 04:00:01,2/15/2021 4:00,4.75,111.075
15/02/2021 05:00:01,2/15/2021 5:00,6.688,109.797
15/02/2021 06:00:01,2/15/2021 6:00,6.688,110.196
15/02/2021 07:00:01,2/15/2021 7:00,7.313,109.677
15/02/2021 08:00:01,2/15/2021 8:00,8.938,109.158
15/02/2021 09:00:01,2/15/2021 9:00,11,107.961
15/02/2021 10:00:01,2/15/2021 10:00,14.688,107.561
15/02/2021 11:00:01,2/15/2021 11:00,17.438,97.9
15/02/2021 12:00:01,2/15/2021 12:00,19,85.445
15/02/2021 13:00:01,2/15/2021 13:00,19.438,73.628
15/02/2021 14:00:01,2/15/2021 14:00,19.5,76.223
15/02/2021 15:00:01,2/15/2021 15:00,18.188,78.339
15/02/2021 16:00:01,2/15/2021 16:00,13.25,85.844
15/02/2021 17:00:01,2/15/2021 17:00,11.375,94.427
15/02/2021 18:00:01,2/15/2021 18:00,9.125,102.891
15/02/2021 19:00:01,2/15/2021 19:00,7.563,106.643
15/02/2021 20:00:01,2/15/2021 20:00,7.563,107.082
15/02/2021 21:00:01,2/15/2021 21:00,7.813,106.803
15/02/2021 22:00:01,2/15/2021 22:00,7.5,108.599
15/02/2021 23:00:01,2/15/2021 23:00,9.375,106.883
16/02/2021 00:00:01,2/16/2021 0:00,9.188,107.881
16/02/2021 01:00:01,2/16/2021 1:00,9.75,107.322
16/02/2021 02:00:01,2/16/2021 2:00,9.813,107.522
16/02/2021 03:00:01,2/16/2021 3:00,10,107.202
16/02/2021 04:00:01,2/16/2021 4:00,9.438,108.44
16/02/2021 05:00:01,2/16/2021 5:00,7,109.637
16/02/2021 06:00:01,2/16/2021 6:00,9.875,108.12
16/02/2021 07:00:01,2/16/2021 7:00,6.313,110.116
16/02/2021 08:00:01,2/16/2021 8:00,11.75,107.601
16/02/2021 09:00:01,2/16/2021 9:00,14.313,106.324
16/02/2021 10:00:01,2/16/2021 10:00,19.375,94.547
16/02/2021 11:00:01,2/16/2021 11:00,19.563,97.9
16/02/2021 12:00:01,2/16/2021 12:00,19.813,94.587
16/02/2021 13:00:01,2/16/2021 13:00,21.063,75.664
16/02/2021 14:00:01,2/16/2021 14:00,20.375,69.836
16/02/2021 15:00:01,2/16/2021 15:00,18.25,68.838
16/02/2021 16:00:01,2/16/2021 16:00,15.25,75.385
16/02/2021 17:00:01,2/16/2021 17:00,11.438,88.04
16/02/2021 18:00:01,2/16/2021 18:00,7.75,101.134
16/02/2021 19:00:01,2/16/2021 19:00,7,107.921
16/02/2021 20:00:01,2/16/2021 20:00,6.563,109.318
16/02/2021 21:00:01,2/16/2021 21:00,6.875,109.917
16/02/2021 22:00:01,2/16/2021 22:00,4.813,110.156
16/02/2021 23:00:01,2/16/2021 23:00,5.563,110.715
17/02/2021 00:00:01,2/17/2021 0:00,6.125,110.196
17/02/2021 01:00:01,2/17/2021 1:00,4.563,110.516
17/02/2021 02:00:01,2/17/2021 2:00,3.25,111.713
17/02/2021 03:00:01,2/17/2021 3:00,1.563,112.392
17/02/2021 04:00:01,2/17/2021 4:00,1.5,113.39
17/02/2021 05:00:01,2/17/2021 5:00,2.5,112.911
17/02/2021 06:00:01,2/17/2021 6:00,1.813,114.468
17/02/2021 07:00:01,2/17/2021 7:00,1.813,113.669
17/02/2021 08:00:01,2/17/2021 8:00,3.5,113.669
17/02/2021 09:00:01,2/17/2021 9:00,11.5,108.599
17/02/2021 10:00:01,2/17/2021 10:00,19.375,103.889
17/02/2021 11:00:01,2/17/2021 11:00,18.438,101.094
17/02/2021 12:00:01,2/17/2021 12:00,20.938,91.513
17/02/2021 13:00:01,2/17/2021 13:00,22.563,73.748
17/02/2021 14:00:01,2/17/2021 14:00,21.625,62.73
17/02/2021 15:00:01,2/17/2021 15:00,19.313,68.478
17/02/2021 16:00:01,2/17/2021 16:00,16.063,76.383
17/02/2021 17:00:01,2/17/2021 17:00,11.25,89.357
17/02/2021 18:00:01,2/17/2021 18:00,6.188,106.284
17/02/2021 19:00:01,2/17/2021 19:00,4.938,108.679
17/02/2021 20:00:01,2/17/2021 20:00,4,110.236
17/02/2021 21:00:01,2/17/2021 21:00,4,110.675
17/02/2021 22:00:01,2/17/2021 22:00,3.875,109.398
17/02/2021 23:00:01,2/17/2021 23:00,3.063,97.98
18/02/2021 00:00:01,2/18/2021 0:00,4.875,72.75
18/02/2021 01:00:01,2/18/2021 1:00,4.938,63.289
18/02/2021 02:00:01,2/18/2021 2:00,4.813,61.173
18/02/2021 03:00:01,2/18/2021 3:00,5.188,55.823
18/02/2021 04:00:01,2/18/2021 4:00,6.75,43.568
18/02/2021 05:00:01,2/18/2021 5:00,6.938,38.657
18/02/2021 06:00:01,2/18/2021 6:00,6.813,37.3
18/02/2021 07:00:01,2/18/2021 7:00,5.125,46.881
18/02/2021 08:00:01,2/18/2021 8:00,5.438,50.554
18/02/2021 09:00:01,2/18/2021 9:00,11.125,38.577
18/02/2021 10:00:01,2/18/2021 10:00,15.313,30.753
18/02/2021 11:00:01,2/18/2021 11:00,18.813,28.198
18/02/2021 12:00:01,2/18/2021 12:00,20.75,28.198
18/02/2021 13:00:01,2/18/2021 13:00,21.438,28.996
18/02/2021 14:00:01,2/18/2021 14:00,22,36.701
18/02/2021 15:00:01,2/18/2021 15:00,20,37.659
18/02/2021 16:00:01,2/18/2021 16:00,16.75,36.701
18/02/2021 17:00:01,2/18/2021 17:00,11.75,57.979
18/02/2021 18:00:01,2/18/2021 18:00,6.813,73.029
18/02/2021 19:00:01,2/18/2021 19:00,4.563,88.439
18/02/2021 20:00:01,2/18/2021 20:00,3.063,98.938
18/02/2021 21:00:01,2/18/2021 21:00,2.563,104.687
18/02/2021 22:00:01,2/18/2021 22:00,2.063,107.681
18/02/2021 23:00:01,2/18/2021 23:00,1.5,108.36
19/02/2021 00:00:01,2/19/2021 0:00,1.125,109.358
19/02/2021 01:00:01,2/19/2021 1:00,1.313,108.16
19/02/2021 02:00:01,2/19/2021 2:00,0.813,109.398
19/02/2021 03:00:01,2/19/2021 3:00,0.563,111.474
19/02/2021 04:00:01,2/19/2021 4:00,0.5,110.476
19/02/2021 05:00:01,2/19/2021 5:00,0.375,111.514
19/02/2021 06:00:01,2/19/2021 6:00,0.625,112.631
19/02/2021 07:00:01,2/19/2021 7:00,1.125,111.474
19/02/2021 08:00:01,2/19/2021 8:00,2.625,111.833
19/02/2021 09:00:01,2/19/2021 9:00,9.438,109.398
19/02/2021 10:00:01,2/19/2021 10:00,16.75,69.916
19/02/2021 11:00:01,2/19/2021 11:00,21.938,53.468
19/02/2021 12:00:01,2/19/2021 12:00,24.438,45.444
19/02/2021 13:00:01,2/19/2021 13:00,25.625,41.452
19/02/2021 14:00:01,2/19/2021 14:00,24.188,38.338
19/02/2021 15:00:01,2/19/2021 15:00,21.75,45.005
19/02/2021 16:00:01,2/19/2021 16:00,17.938,54.745
19/02/2021 17:00:01,2/19/2021 17:00,13.313,64.406
19/02/2021 18:00:01,2/19/2021 18:00,7.25,88.04
19/02/2021 19:00:01,2/19/2021 19:00,5.5,97.861
19/02/2021 20:00:01,2/19/2021 20:00,4.563,104.088
19/02/2021 21:00:01,2/19/2021 21:00,4,107.202
19/02/2021 22:00:01,2/19/2021 22:00,3.563,108.4
19/02/2021 23:00:01,2/19/2021 23:00,3,108.959
20/02/2021 00:00:01,2/20/2021 0:00,3.125,109.637
20/02/2021 01:00:01,2/20/2021 1:00,2.688,111.234
20/02/2021 02:00:01,2/20/2021 2:00,1.813,109.997
20/02/2021 03:00:01,2/20/2021 3:00,1.5,111.314
20/02/2021 04:00:01,2/20/2021 4:00,1.313,110.396
20/02/2021 05:00:01,2/20/2021 5:00,0.875,112.112
20/02/2021 06:00:01,2/20/2021 6:00,1.313,111.833
20/02/2021 07:00:01,2/20/2021 7:00,2.375,111.753
20/02/2021 08:00:01,2/20/2021 8:00,3.438,111.194
20/02/2021 09:00:01,2/20/2021 9:00,12.125,106.284
20/02/2021 10:00:01,2/20/2021 10:00,15.813,103.609
20/02/2021 11:00:01,2/20/2021 11:00,21,80.056
20/02/2021 12:00:01,2/20/2021 12:00,22.875,64.486
20/02/2021 13:00:01,2/20/2021 13:00,24.75,56.622
20/02/2021 14:00:01,2/20/2021 14:00,23.375,54.386
20/02/2021 15:00:01,2/20/2021 15:00,20.563,44.685
20/02/2021 16:00:01,2/20/2021 16:00,17.188,45.204
20/02/2021 17:00:01,2/20/2021 17:00,12.625,53.268
20/02/2021 18:00:01,2/20/2021 18:00,7.063,78.459
20/02/2021 19:00:01,2/20/2021 19:00,3.938,98.699
20/02/2021 20:00:01,2/20/2021 20:00,3.313,103.609
20/02/2021 21:00:01,2/20/2021 21:00,1.813,107.042
20/02/2021 22:00:01,2/20/2021 22:00,1.188,109.238
20/02/2021 23:00:01,2/20/2021 23:00,3.313,94.387
21/02/2021 00:00:01,2/21/2021 0:00,5.125,81.173
21/02/2021 01:00:01,2/21/2021 1:00,6.688,56.342
21/02/2021 02:00:01,2/21/2021 2:00,6.938,52.909
21/02/2021 03:00:01,2/21/2021 3:00,8.188,43.927
21/02/2021 04:00:01,2/21/2021 4:00,8.375,41.851
21/02/2021 05:00:01,2/21/2021 5:00,6.688,46.681
21/02/2021 06:00:01,2/21/2021 6:00,7.125,45.404
21/02/2021 07:00:01,2/21/2021 7:00,7.063,47.041
21/02/2021 08:00:01,2/21/2021 8:00,7.563,52.111
21/02/2021 09:00:01,2/21/2021 9:00,12.125,51.751
21/02/2021 10:00:01,2/21/2021 10:00,18.375,43.408
21/02/2021 11:00:01,2/21/2021 11:00,20.563,32.789
21/02/2021 12:00:01,2/21/2021 12:00,24,35.982
21/02/2021 13:00:01,2/21/2021 13:00,24.188,35.184
21/02/2021 14:00:01,2/21/2021 14:00,24.313,38.737
21/02/2021 15:00:01,2/21/2021 15:00,22.438,41.372
21/02/2021 16:00:01,2/21/2021 16:00,19.188,46.242
21/02/2021 17:00:01,2/21/2021 17:00,13.375,53.308
21/02/2021 18:00:01,2/21/2021 18:00,8.938,59.017
21/02/2021 19:00:01,2/21/2021 19:00,9.688,44.486
21/02/2021 20:00:01,2/21/2021 20:00,8.375,46.761
21/02/2021 21:00:01,2/21/2021 21:00,8.75,41.492
21/02/2021 22:00:01,2/21/2021 22:00,9,44.845
21/02/2021 23:00:01,2/21/2021 23:00,8.813,41.492
22/02/2021 00:00:01,2/22/2021 0:00,8.563,38.418
22/02/2021 01:00:01,2/22/2021 1:00,8.75,37.819
22/02/2021 02:00:01,2/22/2021 2:00,8.75,37.14
22/02/2021 03:00:01,2/22/2021 3:00,8.438,34.465
22/02/2021 04:00:01,2/22/2021 4:00,7.188,43.528
22/02/2021 05:00:01,2/22/2021 5:00,7.813,44.047
22/02/2021 06:00:01,2/22/2021 6:00,7.813,42.889
22/02/2021 07:00:01,2/22/2021 7:00,8.25,45.164
22/02/2021 08:00:01,2/22/2021 8:00,9.875,42.53
22/02/2021 09:00:01,2/22/2021 9:00,14.563,38.737
22/02/2021 10:00:01,2/22/2021 10:00,21,32.829
22/02/2021 11:00:01,2/22/2021 11:00,23.563,29.515
22/02/2021 12:00:01,2/22/2021 12:00,25,28.637
22/02/2021 13:00:01,2/22/2021 13:00,27.313,35.344
22/02/2021 14:00:01,2/22/2021 14:00,26.063,34.186
22/02/2021 15:00:01,2/22/2021 15:00,24.063,35.503
22/02/2021 16:00:01,2/22/2021 16:00,20.563,39.575
22/02/2021 17:00:01,2/22/2021 17:00,15.563,47.001
22/02/2021 18:00:01,2/22/2021 18:00,11.125,48.877
22/02/2021 19:00:01,2/22/2021 19:00,9.688,56.023
22/02/2021 20:00:01,2/22/2021 20:00,11.063,43.049
22/02/2021 21:00:01,2/22/2021 21:00,10.688,42.609
22/02/2021 22:00:01,2/22/2021 22:00,10.25,45.404
22/02/2021 23:00:01,2/22/2021 23:00,8.563,50.314
23/02/2021 00:00:01,2/23/2021 0:00,7.313,58.698
23/02/2021 01:00:01,2/23/2021 1:00,8.25,53.508
23/02/2021 02:00:01,2/23/2021 2:00,6.875,61.772
23/02/2021 03:00:01,2/23/2021 3:00,3.875,78.858
23/02/2021 04:00:01,2/23/2021 4:00,3.813,83.848
23/02/2021 05:00:01,2/23/2021 5:00,2.875,92.272
23/02/2021 06:00:01,2/23/2021 6:00,2.625,96.902
23/02/2021 07:00:01,2/23/2021 7:00,3.25,98.02
23/02/2021 08:00:01,2/23/2021 8:00,4.625,99.617
23/02/2021 09:00:01,2/23/2021 9:00,11.438,96.383
23/02/2021 10:00:01,2/23/2021 10:00,21.063,60.454
23/02/2021 11:00:01,2/23/2021 11:00,26.813,46.362
23/02/2021 12:00:01,2/23/2021 12:00,27.438,43.568
23/02/2021 13:00:01,2/23/2021 13:00,28.375,43.767
23/02/2021 14:00:01,2/23/2021 14:00,26.25,46.083
23/02/2021 15:00:01,2/23/2021 15:00,23.688,53.228
23/02/2021 16:00:01,2/23/2021 16:00,19.688,61.013
23/02/2021 17:00:01,2/23/2021 17:00,15.375,73.509
23/02/2021 18:00:01,2/23/2021 18:00,6.938,91.433
23/02/2021 19:00:01,2/23/2021 19:00,6.25,91.912
23/02/2021 20:00:01,2/23/2021 20:00,5.188,99.018
23/02/2021 21:00:01,2/23/2021 21:00,4.813,102.372
23/02/2021 22:00:01,2/23/2021 22:00,6.5,100.735
23/02/2021 23:00:01,2/23/2021 23:00,5,98.02
24/02/2021 00:00:01,2/24/2021 0:00,4,96.463
24/02/2021 01:00:01,2/24/2021 1:00,2.938,104.847
24/02/2021 02:00:01,2/24/2021 2:00,2.438,107.721
24/02/2021 03:00:01,2/24/2021 3:00,2.5,107.841
24/02/2021 04:00:01,2/24/2021 4:00,1.75,107.681
24/02/2021 05:00:01,2/24/2021 5:00,1.438,109.039
24/02/2021 06:00:01,2/24/2021 6:00,1.438,110.396
24/02/2021 07:00:01,2/24/2021 7:00,2.438,109.797
24/02/2021 08:00:01,2/24/2021 8:00,3.563,110.396
24/02/2021 09:00:01,2/24/2021 9:00,10.875,105.685
24/02/2021 10:00:01,2/24/2021 10:00,20.75,73.509
24/02/2021 11:00:01,2/24/2021 11:00,24.75,53.508
24/02/2021 12:00:01,2/24/2021 12:00,27.938,54.107
24/02/2021 13:00:01,2/24/2021 13:00,27.313,51.073
24/02/2021 14:00:01,2/24/2021 14:00,25.938,53.867
24/02/2021 15:00:01,2/24/2021 15:00,22.875,45.603
24/02/2021 16:00:01,2/24/2021 16:00,20.063,54.825
24/02/2021 17:00:01,2/24/2021 17:00,14.5,77.141
24/02/2021 18:00:01,2/24/2021 18:00,6.438,96.743
24/02/2021 19:00:01,2/24/2021 19:00,4.438,104.248
24/02/2021 20:00:01,2/24/2021 20:00,4.063,107.522
24/02/2021 21:00:01,2/24/2021 21:00,3.063,108.48
24/02/2021 22:00:01,2/24/2021 22:00,2.813,109.198
24/02/2021 23:00:01,2/24/2021 23:00,2.438,110.675
25/02/2021 00:00:01,2/25/2021 0:00,2.563,110.396
25/02/2021 01:00:01,2/25/2021 1:00,4.375,109.597
25/02/2021 02:00:01,2/25/2021 2:00,6.563,65.884
25/02/2021 03:00:01,2/25/2021 3:00,5.625,54.945
25/02/2021 04:00:01,2/25/2021 4:00,7.938,37.18
25/02/2021 05:00:01,2/25/2021 5:00,7.438,29.994
25/02/2021 06:00:01,2/25/2021 6:00,6.875,27.519
25/02/2021 07:00:01,2/25/2021 7:00,7,29.635
25/02/2021 08:00:01,2/25/2021 8:00,7.375,32.549
25/02/2021 09:00:01,2/25/2021 9:00,13,28.757
25/02/2021 10:00:01,2/25/2021 10:00,17.813,28.238
25/02/2021 11:00:01,2/25/2021 11:00,22,26.082
25/02/2021 12:00:01,2/25/2021 12:00,25.313,32.31
25/02/2021 13:00:01,2/25/2021 13:00,25.438,27.439
25/02/2021 14:00:01,2/25/2021 14:00,24.625,33.028
25/02/2021 15:00:01,2/25/2021 15:00,22.938,40.134
25/02/2021 16:00:01,2/25/2021 16:00,19.688,58.139
25/02/2021 17:00:01,2/25/2021 17:00,13.563,62.291
25/02/2021 18:00:01,2/25/2021 18:00,5.063,81.613
25/02/2021 19:00:01,2/25/2021 19:00,5.75,63.009
25/02/2021 20:00:01,2/25/2021 20:00,4.125,60.734
25/02/2021 21:00:01,2/25/2021 21:00,1.563,79.257
25/02/2021 22:00:01,2/25/2021 22:00,5.313,42.37
25/02/2021 23:00:01,2/25/2021 23:00,6.813,29.475
26/02/2021 00:00:01,2/26/2021 0:00,4.938,32.549
26/02/2021 01:00:01,2/26/2021 1:00,2.5,44.326
26/02/2021 02:00:01,2/26/2021 2:00,2.188,52.989
26/02/2021 03:00:01,2/26/2021 3:00,0.313,68.159
26/02/2021 04:00:01,2/26/2021 4:00,-0.938,85.764
26/02/2021 05:00:01,2/26/2021 5:00,-1.125,88
26/02/2021 06:00:01,2/26/2021 6:00,-1.625,93.349
26/02/2021 07:00:01,2/26/2021 7:00,-0.375,96.344
26/02/2021 08:00:01,2/26/2021 8:00,1.375,91.553
26/02/2021 09:00:01,2/26/2021 9:00,10.125,88.599
26/02/2021 10:00:01,2/26/2021 10:00,19.688,55.744
26/02/2021 11:00:01,2/26/2021 11:00,24.375,42.33
26/02/2021 12:00:01,2/26/2021 12:00,26.5,40.573
26/02/2021 13:00:01,2/26/2021 13:00,27.125,36.262
26/02/2021 14:00:01,2/26/2021 14:00,26.125,40.933
26/02/2021 15:00:01,2/26/2021 15:00,21.875,43.687
26/02/2021 16:00:01,2/26/2021 16:00,18.188,48.558
26/02/2021 17:00:01,2/26/2021 17:00,13.188,53.508
26/02/2021 18:00:01,2/26/2021 18:00,6.438,73.828
26/02/2021 19:00:01,2/26/2021 19:00,3.313,92.431
26/02/2021 20:00:01,2/26/2021 20:00,1.938,95.864
26/02/2021 21:00:01,2/26/2021 21:00,1.063,99.298
26/02/2021 22:00:01,2/26/2021 22:00,0.813,102.292
26/02/2021 23:00:01,2/26/2021 23:00,0.313,106.244
27/02/2021 00:00:01,2/27/2021 0:00,0.5,107.003
27/02/2021 01:00:01,2/27/2021 1:00,-0.313,108.2
27/02/2021 02:00:01,2/27/2021 2:00,-0.5,108.879
27/02/2021 03:00:01,2/27/2021 3:00,-0.438,112.711
27/02/2021 04:00:01,2/27/2021 4:00,-0.563,110.077
27/02/2021 05:00:01,2/27/2021 5:00,-1,111.633
27/02/2021 06:00:01,2/27/2021 6:00,-1.125,112.232
27/02/2021 07:00:01,2/27/2021 7:00,0.438,110.755
27/02/2021 08:00:01,2/27/2021 8:00,3.125,110.675
27/02/2021 09:00:01,2/27/2021 9:00,10.5,107.122
27/02/2021 10:00:01,2/27/2021 10:00,17.313,92.751
27/02/2021 11:00:01,2/27/2021 11:00,23.375,63.089
27/02/2021 12:00:01,2/27/2021 12:00,26.563,55.105
27/02/2021 13:00:01,2/27/2021 13:00,26.438,51.951
27/02/2021 14:00:01,2/27/2021 14:00,26.313,53.468
27/02/2021 15:00:01,2/27/2021 15:00,22.75,64.886
27/02/2021 16:00:01,2/27/2021 16:00,18.438,70.634
27/02/2021 17:00:01,2/27/2021 17:00,12.938,66.323
27/02/2021 18:00:01,2/27/2021 18:00,6.125,88.758
27/02/2021 19:00:01,2/27/2021 19:00,4.875,99.218
27/02/2021 20:00:01,2/27/2021 20:00,5.813,103.01
27/02/2021 21:00:01,2/27/2021 21:00,3,106.164
27/02/2021 22:00:01,2/27/2021 22:00,3.375,107.801
27/02/2021 23:00:01,2/27/2021 23:00,4.125,104.048
28/02/2021 00:00:01,2/28/2021 0:00,6.063,70.594
28/02/2021 01:00:01,2/28/2021 1:00,4.063,74.267
28/02/2021 02:00:01,2/28/2021 2:00,5.938,51.871
28/02/2021 03:00:01,2/28/2021 3:00,7.75,33.587
28/02/2021 04:00:01,2/28/2021 4:00,7.063,31.99
28/02/2021 05:00:01,2/28/2021 5:00,6.188,34.465
28/02/2021 06:00:01,2/28/2021 6:00,7.188,30.114
28/02/2021 07:00:01,2/28/2021 7:00,7.375,31.591
28/02/2021 08:00:01,2/28/2021 8:00,7.75,34.346
28/02/2021 09:00:01,2/28/2021 9:00,13.25,30.194
28/02/2021 10:00:01,2/28/2021 10:00,17.5,25.563
28/02/2021 11:00:01,2/28/2021 11:00,20.938,23.447
28/02/2021 12:00:01,2/28/2021 12:00,23.75,24.126
28/02/2021 13:00:01,2/28/2021 13:00,24.125,25.643
28/02/2021 14:00:01,2/28/2021 14:00,22.813,25.323
28/02/2021 15:00:01,2/28/2021 15:00,20.25,24.844
28/02/2021 16:00:01,2/28/2021 16:00,17.188,27.08
28/02/2021 17:00:01,2/28/2021 17:00,12.813,30.713
28/02/2021 18:00:01,2/28/2021 18:00,7.688,36.901
28/02/2021 19:00:01,2/28/2021 19:00,6.625,28.837
28/02/2021 20:00:01,2/28/2021 20:00,5.75,34.545
28/02/2021 21:00:01,2/28/2021 21:00,7,25.443
28/02/2021 22:00:01,2/28/2021 22:00,6.188,28.198
28/02/2021 23:00:01,2/28/2021 23:00,7.25,24.884
1/3/2021 0:00,3/1/2021 0:00,7.5,19.096
1/3/2021 1:00,3/1/2021 1:00,6.375,24.844
1/3/2021 2:00,3/1/2021 2:00,5.125,29.435
1/3/2021 3:00,3/1/2021 3:00,3.938,35.783
1/3/2021 4:00,3/1/2021 4:00,0.563,49.516
1/3/2021 5:00,3/1/2021 5:00,-0.875,68.558
1/3/2021 6:00,3/1/2021 6:00,1.5,59.217
1/3/2021 7:00,3/1/2021 7:00,4.688,43.049
1/3/2021 8:00,3/1/2021 8:00,6.125,54.107
1/3/2021 9:00,3/1/2021 9:00,15.5,46.242
1/3/2021 10:00,3/1/2021 10:00,22.188,37.38
1/3/2021 11:00,3/1/2021 11:00,27.75,32.509
1/3/2021 12:00,3/1/2021 12:00,29.313,25.962
1/3/2021 13:00,3/1/2021 13:00,28.188,22.05
1/3/2021 14:00,3/1/2021 14:00,27.25,29.475
1/3/2021 15:00,3/1/2021 15:00,24.063,35.663
1/3/2021 16:00,3/1/2021 16:00,20.25,36.98
1/3/2021 17:00,3/1/2021 17:00,14.438,42.53
1/3/2021 18:00,3/1/2021 18:00,6.375,59.057
1/3/2021 19:00,3/1/2021 19:00,3.688,71.832
1/3/2021 20:00,3/1/2021 20:00,2.938,74.946
1/3/2021 21:00,3/1/2021 21:00,1,87.002
1/3/2021 22:00,3/1/2021 22:00,1.938,74.387
1/3/2021 23:00,3/1/2021 23:00,0.375,85.685
2/3/2021 0:00,3/2/2021 0:00,0.063,83.329
2/3/2021 1:00,3/2/2021 1:00,-0.125,81.852
2/3/2021 2:00,3/2/2021 2:00,-0.375,84.168
2/3/2021 3:00,3/2/2021 3:00,-1.125,92.391
2/3/2021 4:00,3/2/2021 4:00,-1.188,95.505
2/3/2021 5:00,3/2/2021 5:00,0.688,77.86
2/3/2021 6:00,3/2/2021 6:00,-0.125,86.124
2/3/2021 7:00,3/2/2021 7:00,-0.563,96.423
2/3/2021 8:00,3/2/2021 8:00,2.875,97.98
2/3/2021 9:00,3/2/2021 9:00,14.625,72.431
2/3/2021 10:00,3/2/2021 10:00,22.625,46.282
2/3/2021 11:00,3/2/2021 11:00,27.813,36.062
2/3/2021 12:00,3/2/2021 12:00,29.688,32.509
2/3/2021 13:00,3/2/2021 13:00,29.75,30.274
2/3/2021 14:00,3/2/2021 14:00,27.938,26.88
2/3/2021 15:00,3/2/2021 15:00,24.75,31.032
2/3/2021 16:00,3/2/2021 16:00,19.25,27.599
2/3/2021 17:00,3/2/2021 17:00,14.688,27.04
2/3/2021 18:00,3/2/2021 18:00,6.125,53.189
2/3/2021 19:00,3/2/2021 19:00,5.063,56.821
2/3/2021 20:00,3/2/2021 20:00,5.188,54.745
2/3/2021 21:00,3/2/2021 21:00,2,80.495
2/3/2021 22:00,3/2/2021 22:00,1.313,88.679
2/3/2021 23:00,3/2/2021 23:00,0.875,90.755
3/3/2021 0:00,3/3/2021 0:00,-0.813,92.751
3/3/2021 1:00,3/3/2021 1:00,0.25,92.631
3/3/2021 2:00,3/3/2021 2:00,1.313,98.14
3/3/2021 3:00,3/3/2021 3:00,0,102.731
3/3/2021 4:00,3/3/2021 4:00,-0.375,103.689
3/3/2021 5:00,3/3/2021 5:00,-1.063,107.162
3/3/2021 6:00,3/3/2021 6:00,2,107.801
3/3/2021 7:00,3/3/2021 7:00,3,102.332
3/3/2021 8:00,3/3/2021 8:00,7.125,96.783
3/3/2021 9:00,3/3/2021 9:00,13.5,79.137
3/3/2021 10:00,3/3/2021 10:00,10.813,84.846
3/3/2021 11:00,3/3/2021 11:00,7.813,105.046
3/3/2021 12:00,3/3/2021 12:00,7.375,108.16
3/3/2021 13:00,3/3/2021 13:00,10.25,104.647
3/3/2021 14:00,3/3/2021 14:00,21.5,101.414
3/3/2021 15:00,3/3/2021 15:00,13.75,106.364
3/3/2021 16:00,3/3/2021 16:00,12.063,107.721
3/3/2021 17:00,3/3/2021 17:00,10.813,108.719
3/3/2021 18:00,3/3/2021 18:00,8.313,109.717
3/3/2021 19:00,3/3/2021 19:00,6.188,111.594
3/3/2021 20:00,3/3/2021 20:00,5.25,111.993
3/3/2021 21:00,3/3/2021 21:00,3.813,111.434
3/3/2021 22:00,3/3/2021 22:00,4.063,112.232
3/3/2021 23:00,3/3/2021 23:00,3.063,113.23
4/3/2021 0:00,3/4/2021 0:00,5.875,110.835
4/3/2021 1:00,3/4/2021 1:00,3.5,112.392
4/3/2021 2:00,3/4/2021 2:00,2.313,112.232
4/3/2021 3:00,3/4/2021 3:00,4.813,110.316
4/3/2021 4:00,3/4/2021 4:00,3.563,113.749
4/3/2021 5:00,3/4/2021 5:00,3.125,111.594
4/3/2021 6:00,3/4/2021 6:00,1.563,112.073
4/3/2021 7:00,3/4/2021 7:00,2.625,110.436
4/3/2021 8:00,3/4/2021 8:00,6.688,110.955
4/3/2021 9:00,3/4/2021 9:00,14.875,112.232
4/3/2021 10:00,3/4/2021 10:00,20.75,101.174
4/3/2021 11:00,3/4/2021 11:00,22.875,100.815
4/3/2021 12:00,3/4/2021 12:00,26.5,99.577
4/3/2021 13:00,3/4/2021 13:00,19.438,103.889
4/3/2021 14:00,3/4/2021 14:00,21.625,103.17
4/3/2021 15:00,3/4/2021 15:00,20.375,104.448
4/3/2021 16:00,3/4/2021 16:00,17.813,106.244
4/3/2021 17:00,3/4/2021 17:00,13.813,110.835
4/3/2021 18:00,3/4/2021 18:00,9.125,106.563
4/3/2021 19:00,3/4/2021 19:00,7.375,104.687
4/3/2021 20:00,3/4/2021 20:00,5.875,104.927
4/3/2021 21:00,3/4/2021 21:00,5.75,103.649
4/3/2021 22:00,3/4/2021 22:00,6.313,104.847
4/3/2021 23:00,3/4/2021 23:00,4.75,105.246
5/3/2021 0:00,3/5/2021 0:00,4.063,105.286
5/3/2021 1:00,3/5/2021 1:00,3.813,105.765
5/3/2021 2:00,3/5/2021 2:00,3.563,106.404
5/3/2021 3:00,3/5/2021 3:00,2.75,106.843
5/3/2021 4:00,3/5/2021 4:00,2.938,105.925
5/3/2021 5:00,3/5/2021 5:00,2.625,106.763
5/3/2021 6:00,3/5/2021 6:00,2.188,106.643
5/3/2021 7:00,3/5/2021 7:00,3.313,98.819
5/3/2021 8:00,3/5/2021 8:00,10.188,95.944
5/3/2021 9:00,3/5/2021 9:00,15.688,111.354
5/3/2021 10:00,3/5/2021 10:00,18.625,107.042
5/3/2021 11:00,3/5/2021 11:00,22.188,103.45
5/3/2021 12:00,3/5/2021 12:00,25.25,99.617
5/3/2021 13:00,3/5/2021 13:00,25.688,84.088
5/3/2021 14:00,3/5/2021 14:00,25.438,80.495
5/3/2021 15:00,3/5/2021 15:00,22.813,81.932
5/3/2021 16:00,3/5/2021 16:00,19.625,85.565
5/3/2021 17:00,3/5/2021 17:00,15.375,90.276
5/3/2021 18:00,3/5/2021 18:00,9.563,106.005
5/3/2021 19:00,3/5/2021 19:00,8.063,107.961
5/3/2021 20:00,3/5/2021 20:00,6.25,109.597
5/3/2021 21:00,3/5/2021 21:00,5.5,110.915
5/3/2021 22:00,3/5/2021 22:00,5.188,110.236
5/3/2021 23:00,3/5/2021 23:00,4.25,111.194
6/3/2021 0:00,3/6/2021 0:00,4.688,111.274
6/3/2021 1:00,3/6/2021 1:00,6.313,110.556
6/3/2021 2:00,3/6/2021 2:00,4.188,111.633
6/3/2021 3:00,3/6/2021 3:00,2.875,112.711
6/3/2021 4:00,3/6/2021 4:00,3.063,113.35
6/3/2021 5:00,3/6/2021 5:00,2.25,114.747
6/3/2021 6:00,3/6/2021 6:00,2.125,114.548
6/3/2021 7:00,3/6/2021 7:00,5.563,113.749
6/3/2021 8:00,3/6/2021 8:00,9.75,112.073
6/3/2021 9:00,3/6/2021 9:00,15.563,105.605
6/3/2021 10:00,3/6/2021 10:00,16.938,105.406
6/3/2021 11:00,3/6/2021 11:00,21.438,95.026
6/3/2021 12:00,3/6/2021 12:00,23.5,76.702
6/3/2021 13:00,3/6/2021 13:00,23.813,68.758
6/3/2021 14:00,3/6/2021 14:00,23.063,67.361
6/3/2021 15:00,3/6/2021 15:00,20.5,76.024
6/3/2021 16:00,3/6/2021 16:00,17.625,80.535
6/3/2021 17:00,3/6/2021 17:00,13.688,90.036
6/3/2021 18:00,3/6/2021 18:00,9.938,99.378
6/3/2021 19:00,3/6/2021 19:00,10.75,103.529
6/3/2021 20:00,3/6/2021 20:00,8.688,105.885
6/3/2021 21:00,3/6/2021 21:00,8.563,107.082
6/3/2021 22:00,3/6/2021 22:00,5.125,109.997
6/3/2021 23:00,3/6/2021 23:00,4.438,110.635
7/3/2021 0:00,3/7/2021 0:00,4.375,109.757
7/3/2021 1:00,3/7/2021 1:00,3.625,111.713
7/3/2021 2:00,3/7/2021 2:00,2.813,111.194
7/3/2021 3:00,3/7/2021 3:00,8.313,109.757
7/3/2021 4:00,3/7/2021 4:00,6.875,110.116
7/3/2021 5:00,3/7/2021 5:00,8.125,109.677
7/3/2021 6:00,3/7/2021 6:00,8.563,109.118
7/3/2021 7:00,3/7/2021 7:00,9.875,108.799
7/3/2021 8:00,3/7/2021 8:00,12.813,106.124
7/3/2021 9:00,3/7/2021 9:00,14.125,106.484
7/3/2021 10:00,3/7/2021 10:00,13,108.001
7/3/2021 11:00,3/7/2021 11:00,17.813,105.366
7/3/2021 12:00,3/7/2021 12:00,18.313,104.048
7/3/2021 13:00,3/7/2021 13:00,19.313,97.661
7/3/2021 14:00,3/7/2021 14:00,22.063,79.816
7/3/2021 15:00,3/7/2021 15:00,17.25,83.13
7/3/2021 16:00,3/7/2021 16:00,13.75,88.998
7/3/2021 17:00,3/7/2021 17:00,11.438,94.547
7/3/2021 18:00,3/7/2021 18:00,11.188,95.984
7/3/2021 19:00,3/7/2021 19:00,10.75,99.497
7/3/2021 20:00,3/7/2021 20:00,8.438,104.607
7/3/2021 21:00,3/7/2021 21:00,10,105.206
7/3/2021 22:00,3/7/2021 22:00,10,104.248
7/3/2021 23:00,3/7/2021 23:00,7.438,108.32
8/3/2021 0:00,3/8/2021 0:00,9.188,107.482
8/3/2021 1:00,3/8/2021 1:00,9.25,108.559
8/3/2021 2:00,3/8/2021 2:00,9.688,107.681
8/3/2021 3:00,3/8/2021 3:00,9.5,108.12
8/3/2021 4:00,3/8/2021 4:00,9.625,107.242
8/3/2021 5:00,3/8/2021 5:00,10,107.921
8/3/2021 6:00,3/8/2021 6:00,9.75,108.08
8/3/2021 7:00,3/8/2021 7:00,10.25,107.841
8/3/2021 8:00,3/8/2021 8:00,11.875,106.164
8/3/2021 9:00,3/8/2021 9:00,15.313,102.412
8/3/2021 10:00,3/8/2021 10:00,18.125,98.02
8/3/2021 11:00,3/8/2021 11:00,21.625,80.056
8/3/2021 12:00,3/8/2021 12:00,21.125,79.177
8/3/2021 13:00,3/8/2021 13:00,23.063,68.598
8/3/2021 14:00,3/8/2021 14:00,21.938,61.492
8/3/2021 15:00,3/8/2021 15:00,20.625,69.357
8/3/2021 16:00,3/8/2021 16:00,14.875,77.261
8/3/2021 17:00,3/8/2021 17:00,13.938,77.181
8/3/2021 18:00,3/8/2021 18:00,9.563,95.545
8/3/2021 19:00,3/8/2021 19:00,5.938,107.362
8/3/2021 20:00,3/8/2021 20:00,4.938,108.36
8/3/2021 21:00,3/8/2021 21:00,4.938,109.677
8/3/2021 22:00,3/8/2021 22:00,3.563,110.316
8/3/2021 23:00,3/8/2021 23:00,2.625,110.995
9/3/2021 0:00,3/9/2021 0:00,2.563,112.073
9/3/2021 1:00,3/9/2021 1:00,3.25,110.995
9/3/2021 2:00,3/9/2021 2:00,4.375,110.755
9/3/2021 3:00,3/9/2021 3:00,1.438,111.913
9/3/2021 4:00,3/9/2021 4:00,0.938,113.35
9/3/2021 5:00,3/9/2021 5:00,1.938,111.993
9/3/2021 6:00,3/9/2021 6:00,2.625,112.552
9/3/2021 7:00,3/9/2021 7:00,9.063,108.879
9/3/2021 8:00,3/9/2021 8:00,13.125,107.242
9/3/2021 9:00,3/9/2021 9:00,11.938,108.4
9/3/2021 10:00,3/9/2021 10:00,15.688,106.444
9/3/2021 11:00,3/9/2021 11:00,15.75,104.887
9/3/2021 12:00,3/9/2021 12:00,21.875,68.279
9/3/2021 13:00,3/9/2021 13:00,22.875,52.151
9/3/2021 14:00,3/9/2021 14:00,20.75,49.356
9/3/2021 15:00,3/9/2021 15:00,19.375,59.416
9/3/2021 16:00,3/9/2021 16:00,16.813,61.931
9/3/2021 17:00,3/9/2021 17:00,14.188,68.439
9/3/2021 18:00,3/9/2021 18:00,10.75,81.054
9/3/2021 19:00,3/9/2021 19:00,9.75,85.205
9/3/2021 20:00,3/9/2021 20:00,7.5,94.547
9/3/2021 21:00,3/9/2021 21:00,9,99.378
9/3/2021 22:00,3/9/2021 22:00,7.625,102.412
9/3/2021 23:00,3/9/2021 23:00,8,106.364
10/3/2021 0:00,3/10/2021 0:00,8.188,107.402
10/3/2021 1:00,3/10/2021 1:00,6.313,109.278
10/3/2021 2:00,3/10/2021 2:00,6.75,109.118
10/3/2021 3:00,3/10/2021 3:00,7.063,109.318
10/3/2021 4:00,3/10/2021 4:00,7.125,109.597
10/3/2021 5:00,3/10/2021 5:00,7.375,109.558
10/3/2021 6:00,3/10/2021 6:00,7.125,109.039
10/3/2021 7:00,3/10/2021 7:00,7,109.597
10/3/2021 8:00,3/10/2021 8:00,9.188,109.997
10/3/2021 9:00,3/10/2021 9:00,13.875,105.725
10/3/2021 10:00,3/10/2021 10:00,13.875,106.284
10/3/2021 11:00,3/10/2021 11:00,14.375,106.044
10/3/2021 12:00,3/10/2021 12:00,22.563,101.054
10/3/2021 13:00,3/10/2021 13:00,13.563,106.484
10/3/2021 14:00,3/10/2021 14:00,14.375,106.404
10/3/2021 15:00,3/10/2021 15:00,10.563,108.08
10/3/2021 16:00,3/10/2021 16:00,9,108.679
10/3/2021 17:00,3/10/2021 17:00,8.938,108.48
10/3/2021 18:00,3/10/2021 18:00,7.625,110.835
10/3/2021 19:00,3/10/2021 19:00,7.563,109.478
10/3/2021 20:00,3/10/2021 20:00,6.188,111.154
10/3/2021 21:00,3/10/2021 21:00,6.375,110.156
10/3/2021 22:00,3/10/2021 22:00,6.688,110.196
10/3/2021 23:00,3/10/2021 23:00,6.313,111.833
11/3/2021 0:00,3/11/2021 0:00,6.063,111.035
11/3/2021 1:00,3/11/2021 1:00,5.563,111.035
11/3/2021 2:00,3/11/2021 2:00,6.063,110.955
11/3/2021 3:00,3/11/2021 3:00,5.938,110.875
11/3/2021 4:00,3/11/2021 4:00,5.125,112.112
11/3/2021 5:00,3/11/2021 5:00,4.688,112.152
11/3/2021 6:00,3/11/2021 6:00,4.25,113.23
11/3/2021 7:00,3/11/2021 7:00,2.938,114.109
11/3/2021 8:00,3/11/2021 8:00,6.875,113.829
11/3/2021 9:00,3/11/2021 9:00,13,105.885
11/3/2021 10:00,3/11/2021 10:00,17.5,103.489
11/3/2021 11:00,3/11/2021 11:00,14.875,107.561
11/3/2021 12:00,3/11/2021 12:00,13.813,106.524
11/3/2021 13:00,3/11/2021 13:00,22.313,101.693
11/3/2021 14:00,3/11/2021 14:00,15.313,106.005
11/3/2021 15:00,3/11/2021 15:00,16.5,105.525
11/3/2021 16:00,3/11/2021 16:00,13.813,108.719
11/3/2021 17:00,3/11/2021 17:00,6.875,112.711
11/3/2021 18:00,3/11/2021 18:00,5.25,113.949
11/3/2021 19:00,3/11/2021 19:00,3.563,115.306
11/3/2021 20:00,3/11/2021 20:00,2.063,116.105
11/3/2021 21:00,3/11/2021 21:00,2.25,115.705
11/3/2021 22:00,3/11/2021 22:00,2.063,113.749
11/3/2021 23:00,3/11/2021 23:00,2.875,113.31
12/3/2021 0:00,3/12/2021 0:00,2.063,114.228
12/3/2021 1:00,3/12/2021 1:00,0.313,114.628
12/3/2021 2:00,3/12/2021 2:00,0.875,114.588
12/3/2021 3:00,3/12/2021 3:00,1.563,114.109
12/3/2021 4:00,3/12/2021 4:00,-0.5,116.903
12/3/2021 5:00,3/12/2021 5:00,0.375,112.751
12/3/2021 6:00,3/12/2021 6:00,-0.188,114.348
12/3/2021 7:00,3/12/2021 7:00,2,113.669
12/3/2021 8:00,3/12/2021 8:00,7.875,111.594
12/3/2021 9:00,3/12/2021 9:00,13.313,108.36
12/3/2021 10:00,3/12/2021 10:00,18.813,110.675
12/3/2021 11:00,3/12/2021 11:00,17,106.883
12/3/2021 12:00,3/12/2021 12:00,10.625,109.278
12/3/2021 13:00,3/12/2021 13:00,16.938,105.446
12/3/2021 14:00,3/12/2021 14:00,11.25,109.118
12/3/2021 15:00,3/12/2021 15:00,9,110.356
12/3/2021 16:00,3/12/2021 16:00,8.438,110.116
12/3/2021 17:00,3/12/2021 17:00,6.813,111.154
12/3/2021 18:00,3/12/2021 18:00,6.938,112.192
12/3/2021 19:00,3/12/2021 19:00,5.75,111.913
12/3/2021 20:00,3/12/2021 20:00,2.875,112.592
12/3/2021 21:00,3/12/2021 21:00,2,113.31
12/3/2021 22:00,3/12/2021 22:00,2.5,114.268
12/3/2021 23:00,3/12/2021 23:00,3.188,112.791
13/03/2021 00:00:01,3/13/2021 0:00,4.313,112.472
13/03/2021 01:00:01,3/13/2021 1:00,4.813,112.791
13/03/2021 02:00:01,3/13/2021 2:00,5.563,112.911
13/03/2021 03:00:01,3/13/2021 3:00,6.5,113.111
13/03/2021 04:00:01,3/13/2021 4:00,3.875,113.59
13/03/2021 05:00:01,3/13/2021 5:00,3.875,111.993
13/03/2021 06:00:01,3/13/2021 6:00,4.625,112.671
13/03/2021 07:00:01,3/13/2021 7:00,5.563,112.711
13/03/2021 08:00:01,3/13/2021 8:00,9.5,109.118
13/03/2021 09:00:01,3/13/2021 9:00,12.25,109.518
13/03/2021 10:00:01,3/13/2021 10:00,20.125,105.286
13/03/2021 11:00:01,3/13/2021 11:00,25.125,101.493
13/03/2021 12:00:01,3/13/2021 12:00,25.75,100.535
13/03/2021 13:00:01,3/13/2021 13:00,13.125,108.839
13/03/2021 14:00:01,3/13/2021 14:00,19.438,105.525
13/03/2021 15:00:01,3/13/2021 15:00,17.438,106.683
13/03/2021 16:00:01,3/13/2021 16:00,14.375,108.36
13/03/2021 17:00:01,3/13/2021 17:00,11.375,110.795
13/03/2021 18:00:01,3/13/2021 18:00,8,111.554
13/03/2021 19:00:01,3/13/2021 19:00,6.063,104.488
13/03/2021 20:00:01,3/13/2021 20:00,4.875,104.408
13/03/2021 21:00:01,3/13/2021 21:00,7.063,105.406
13/03/2021 22:00:01,3/13/2021 22:00,8.813,104.448
13/03/2021 23:00:01,3/13/2021 23:00,4.125,105.446
14/03/2021 00:00:01,3/14/2021 0:00,4.625,103.769
14/03/2021 01:00:01,3/14/2021 1:00,3.375,105.965
14/03/2021 02:00:01,3/14/2021 2:00,2.875,107.362
14/03/2021 03:00:01,3/14/2021 3:00,4.625,104.288
14/03/2021 04:00:01,3/14/2021 4:00,5.5,104.288
14/03/2021 05:00:01,3/14/2021 5:00,6.188,105.446
14/03/2021 06:00:01,3/14/2021 6:00,3.75,107.202
14/03/2021 07:00:01,3/14/2021 7:00,6.25,103.929
14/03/2021 08:00:01,3/14/2021 8:00,13.563,100.695
14/03/2021 09:00:01,3/14/2021 9:00,14.375,105.326
14/03/2021 10:00:01,3/14/2021 10:00,14.313,109.997
14/03/2021 11:00:01,3/14/2021 11:00,21.125,105.965
14/03/2021 12:00:01,3/14/2021 12:00,18.75,105.246
14/03/2021 13:00:01,3/14/2021 13:00,17.688,106.683
14/03/2021 14:00:01,3/14/2021 14:00,17.375,105.286
14/03/2021 15:00:01,3/14/2021 15:00,15.188,106.603
14/03/2021 16:00:01,3/14/2021 16:00,13.313,107.202
14/03/2021 17:00:01,3/14/2021 17:00,11.438,107.961
14/03/2021 18:00:01,3/14/2021 18:00,10.188,107.482
14/03/2021 19:00:01,3/14/2021 19:00,10.125,108.799
14/03/2021 20:00:01,3/14/2021 20:00,10.063,109.278
14/03/2021 21:00:01,3/14/2021 21:00,9.563,110.196
14/03/2021 22:00:01,3/14/2021 22:00,9.438,109.717
14/03/2021 23:00:01,3/14/2021 23:00,9,109.997
15/03/2021 00:00:01,3/15/2021 0:00,8.5,110.356
15/03/2021 01:00:01,3/15/2021 1:00,8.688,110.156
15/03/2021 02:00:01,3/15/2021 2:00,8.063,110.635
15/03/2021 03:00:01,3/15/2021 3:00,8.25,110.715
15/03/2021 04:00:01,3/15/2021 4:00,8.188,110.755
15/03/2021 05:00:01,3/15/2021 5:00,8.563,110.715
15/03/2021 06:00:01,3/15/2021 6:00,8.5,112.512
15/03/2021 07:00:01,3/15/2021 7:00,9.563,109.957
15/03/2021 08:00:01,3/15/2021 8:00,10.875,109.558
15/03/2021 09:00:01,3/15/2021 9:00,11.125,109.398
15/03/2021 10:00:01,3/15/2021 10:00,11.438,108.879
15/03/2021 11:00:01,3/15/2021 11:00,10.938,108.28
15/03/2021 12:00:01,3/15/2021 12:00,12.938,107.561
15/03/2021 13:00:01,3/15/2021 13:00,16.188,105.086
15/03/2021 14:00:01,3/15/2021 14:00,12.563,107.482
15/03/2021 15:00:01,3/15/2021 15:00,11.125,108.4
15/03/2021 16:00:01,3/15/2021 16:00,11.75,109.039
15/03/2021 17:00:01,3/15/2021 17:00,10.063,109.438
15/03/2021 18:00:01,3/15/2021 18:00,6.063,111.833
15/03/2021 19:00:01,3/15/2021 19:00,4.375,113.19
15/03/2021 20:00:01,3/15/2021 20:00,3.688,114.268
15/03/2021 21:00:01,3/15/2021 21:00,3.25,113.749
15/03/2021 22:00:01,3/15/2021 22:00,1,115.626
15/03/2021 23:00:01,3/15/2021 23:00,0.625,114.827
16/03/2021 00:00:01,3/16/2021 0:00,-0.125,114.747
16/03/2021 01:00:01,3/16/2021 1:00,0.75,114.109
16/03/2021 02:00:01,3/16/2021 2:00,-0.188,114.148
16/03/2021 03:00:01,3/16/2021 3:00,-0.625,115.346
16/03/2021 04:00:01,3/16/2021 4:00,-1,113.39
16/03/2021 05:00:01,3/16/2021 5:00,-1.188,114.468
16/03/2021 06:00:01,3/16/2021 6:00,-1.625,114.827
16/03/2021 07:00:01,3/16/2021 7:00,-1.063,114.787
16/03/2021 08:00:01,3/16/2021 8:00,0.25,114.388
16/03/2021 09:00:01,3/16/2021 9:00,11,109.278
16/03/2021 10:00:01,3/16/2021 10:00,18.313,105.246
16/03/2021 11:00:01,3/16/2021 11:00,19.813,102.931
16/03/2021 12:00:01,3/16/2021 12:00,18.75,104.607
16/03/2021 13:00:01,3/16/2021 13:00,19.813,102.372
16/03/2021 14:00:01,3/16/2021 14:00,18.5,102.731
16/03/2021 15:00:01,3/16/2021 15:00,17.813,103.529
16/03/2021 16:00:01,3/16/2021 16:00,14.188,106.124
16/03/2021 17:00:01,3/16/2021 17:00,10.313,108.919
16/03/2021 18:00:01,3/16/2021 18:00,5.875,113.55
16/03/2021 19:00:01,3/16/2021 19:00,2.938,112.831
16/03/2021 20:00:01,3/16/2021 20:00,2.688,113.031
16/03/2021 21:00:01,3/16/2021 21:00,2,114.428
16/03/2021 22:00:01,3/16/2021 22:00,2,114.667
16/03/2021 23:00:01,3/16/2021 23:00,1.25,115.226
17/03/2021 00:00:01,3/17/2021 0:00,0.625,115.905
17/03/2021 01:00:01,3/17/2021 1:00,0.188,116.863
17/03/2021 02:00:01,3/17/2021 2:00,0.25,116.664
17/03/2021 03:00:01,3/17/2021 3:00,0,117.302
17/03/2021 04:00:01,3/17/2021 4:00,-0.125,115.466
17/03/2021 05:00:01,3/17/2021 5:00,-0.313,117.342
17/03/2021 06:00:01,3/17/2021 6:00,-0.313,117.103
17/03/2021 07:00:01,3/17/2021 7:00,1.625,116.384
17/03/2021 08:00:01,3/17/2021 8:00,9.25,112.831
17/03/2021 09:00:01,3/17/2021 9:00,13,111.673
17/03/2021 10:00:01,3/17/2021 10:00,16.188,105.805
17/03/2021 11:00:01,3/17/2021 11:00,20.125,103.489
17/03/2021 12:00:01,3/17/2021 12:00,22.438,96.184
17/03/2021 13:00:01,3/17/2021 13:00,17.938,99.178
17/03/2021 14:00:01,3/17/2021 14:00,23.188,92.112
17/03/2021 15:00:01,3/17/2021 15:00,20.438,92.471
17/03/2021 16:00:01,3/17/2021 16:00,15.938,98.659
17/03/2021 17:00:01,3/17/2021 17:00,14.25,102.012
17/03/2021 18:00:01,3/17/2021 18:00,8.625,107.442
17/03/2021 19:00:01,3/17/2021 19:00,5.688,110.316
17/03/2021 20:00:01,3/17/2021 20:00,4.875,110.116
17/03/2021 21:00:01,3/17/2021 21:00,3.938,111.633
17/03/2021 22:00:01,3/17/2021 22:00,3.813,112.392
17/03/2021 23:00:01,3/17/2021 23:00,3,111.673
18/03/2021 00:00:01,3/18/2021 0:00,2.813,112.432
18/03/2021 01:00:01,3/18/2021 1:00,2.625,113.989
18/03/2021 02:00:01,3/18/2021 2:00,4.75,113.39
18/03/2021 03:00:01,3/18/2021 3:00,4.188,112.552
18/03/2021 04:00:01,3/18/2021 4:00,2.125,115.665
18/03/2021 05:00:01,3/18/2021 5:00,1.688,115.905
18/03/2021 06:00:01,3/18/2021 6:00,1.438,116.304
18/03/2021 07:00:01,3/18/2021 7:00,5.438,115.027
18/03/2021 08:00:01,3/18/2021 8:00,10.813,112.272
18/03/2021 09:00:01,3/18/2021 9:00,14.063,110.675
18/03/2021 10:00:01,3/18/2021 10:00,18.063,105.486
18/03/2021 11:00:01,3/18/2021 11:00,21,99.497
18/03/2021 12:00:01,3/18/2021 12:00,23.188,90.435
18/03/2021 13:00:01,3/18/2021 13:00,24.688,87.202
18/03/2021 14:00:01,3/18/2021 14:00,24.063,75.784
18/03/2021 15:00:01,3/18/2021 15:00,22.813,81.493
18/03/2021 16:00:01,3/18/2021 16:00,20.5,86.723
18/03/2021 17:00:01,3/18/2021 17:00,15.188,87.96
18/03/2021 18:00:01,3/18/2021 18:00,10.063,101.933
18/03/2021 19:00:01,3/18/2021 19:00,6.75,108.08
18/03/2021 20:00:01,3/18/2021 20:00,6.25,110.675
18/03/2021 21:00:01,3/18/2021 21:00,5.438,110.835
18/03/2021 22:00:01,3/18/2021 22:00,5.313,110.356
18/03/2021 23:00:01,3/18/2021 23:00,4.188,110.915
19/03/2021 00:00:01,3/19/2021 0:00,3.813,112.432
19/03/2021 01:00:01,3/19/2021 1:00,3.438,112.592
19/03/2021 02:00:01,3/19/2021 2:00,3.5,112.711
19/03/2021 03:00:01,3/19/2021 3:00,3.563,114.348
19/03/2021 04:00:01,3/19/2021 4:00,4.188,113.111
19/03/2021 05:00:01,3/19/2021 5:00,3.938,114.628
19/03/2021 06:00:01,3/19/2021 6:00,4,113.43
19/03/2021 07:00:01,3/19/2021 7:00,5.563,113.949
19/03/2021 08:00:01,3/19/2021 8:00,12.125,110.396
19/03/2021 09:00:01,3/19/2021 9:00,15.188,108.639
19/03/2021 10:00:01,3/19/2021 10:00,19.438,104.927
19/03/2021 11:00:01,3/19/2021 11:00,23,101.653
19/03/2021 12:00:01,3/19/2021 12:00,25.438,79.776
19/03/2021 13:00:01,3/19/2021 13:00,25.375,69.756
19/03/2021 14:00:01,3/19/2021 14:00,25.063,66.882
19/03/2021 15:00:01,3/19/2021 15:00,23.563,70.874
19/03/2021 16:00:01,3/19/2021 16:00,21.375,80.375
19/03/2021 17:00:01,3/19/2021 17:00,18.25,91.793
19/03/2021 18:00:01,3/19/2021 18:00,13.313,97.98
19/03/2021 19:00:01,3/19/2021 19:00,10.438,104.248
19/03/2021 20:00:01,3/19/2021 20:00,9.625,107.362
19/03/2021 21:00:01,3/19/2021 21:00,8.063,108.839
19/03/2021 22:00:01,3/19/2021 22:00,11.75,106.484
19/03/2021 23:00:01,3/19/2021 23:00,10.75,107.482
20/03/2021 00:00:01,3/20/2021 0:00,10.625,108.639
20/03/2021 01:00:01,3/20/2021 1:00,11.625,106.803
20/03/2021 02:00:01,3/20/2021 2:00,12.188,108.24
20/03/2021 03:00:01,3/20/2021 3:00,12.125,107.561
20/03/2021 04:00:01,3/20/2021 4:00,11.813,107.841
20/03/2021 05:00:01,3/20/2021 5:00,11.813,108.759
20/03/2021 06:00:01,3/20/2021 6:00,11.625,108.24
20/03/2021 07:00:01,3/20/2021 7:00,11.813,108.48
20/03/2021 08:00:01,3/20/2021 8:00,15.188,106.324
20/03/2021 09:00:01,3/20/2021 9:00,16.125,104.368
20/03/2021 10:00:01,3/20/2021 10:00,18.25,104.048
20/03/2021 11:00:01,3/20/2021 11:00,21.5,98.3
20/03/2021 12:00:01,3/20/2021 12:00,23.625,81.094
20/03/2021 13:00:01,3/20/2021 13:00,24.063,74.147
20/03/2021 14:00:01,3/20/2021 14:00,24,67.8
20/03/2021 15:00:01,3/20/2021 15:00,20.938,72.191
20/03/2021 16:00:01,3/20/2021 16:00,18.375,77.9
20/03/2021 17:00:01,3/20/2021 17:00,14.438,86.683
20/03/2021 18:00:01,3/20/2021 18:00,9.5,98.938
20/03/2021 19:00:01,3/20/2021 19:00,6.313,108.24
20/03/2021 20:00:01,3/20/2021 20:00,5.563,109.438
20/03/2021 21:00:01,3/20/2021 21:00,5,110.875
20/03/2021 22:00:01,3/20/2021 22:00,6.188,109.757
20/03/2021 23:00:01,3/20/2021 23:00,4.188,110.915
21/03/2021 00:00:01,3/21/2021 0:00,3.688,111.154
21/03/2021 01:00:01,3/21/2021 1:00,3.063,111.793
21/03/2021 02:00:01,3/21/2021 2:00,2.563,112.871
21/03/2021 03:00:01,3/21/2021 3:00,1.938,113.23
21/03/2021 04:00:01,3/21/2021 4:00,1.75,112.831
21/03/2021 05:00:01,3/21/2021 5:00,1.563,114.588
21/03/2021 06:00:01,3/21/2021 6:00,1.5,115.067
21/03/2021 07:00:01,3/21/2021 7:00,3.938,114.747
21/03/2021 08:00:01,3/21/2021 8:00,9.938,111.274
21/03/2021 09:00:01,3/21/2021 9:00,14.188,108.919
21/03/2021 10:00:01,3/21/2021 10:00,17.75,105.126
21/03/2021 11:00:01,3/21/2021 11:00,18.938,106.044
21/03/2021 12:00:01,3/21/2021 12:00,15.25,92.072
21/03/2021 13:00:01,3/21/2021 13:00,22,75.225
21/03/2021 14:00:01,3/21/2021 14:00,23.25,63.768
21/03/2021 15:00:01,3/21/2021 15:00,21.25,65.524
21/03/2021 16:00:01,3/21/2021 16:00,18.563,67.92
21/03/2021 17:00:01,3/21/2021 17:00,14.688,78.339
21/03/2021 18:00:01,3/21/2021 18:00,8.688,90.635
21/03/2021 19:00:01,3/21/2021 19:00,6.625,96.184
21/03/2021 20:00:01,3/21/2021 20:00,6,97.661
21/03/2021 21:00:01,3/21/2021 21:00,4.125,106.244
21/03/2021 22:00:01,3/21/2021 22:00,3.813,108.919
21/03/2021 23:00:01,3/21/2021 23:00,2.375,110.595
22/03/2021 00:00:01,3/22/2021 0:00,1.875,111.354
22/03/2021 01:00:01,3/22/2021 1:00,1.625,112.232
22/03/2021 02:00:01,3/22/2021 2:00,1.75,111.633
22/03/2021 03:00:01,3/22/2021 3:00,2.125,111.114
22/03/2021 04:00:01,3/22/2021 4:00,1.688,112.312
22/03/2021 05:00:01,3/22/2021 5:00,1.938,111.913
22/03/2021 06:00:01,3/22/2021 6:00,1.5,112.272
22/03/2021 07:00:01,3/22/2021 7:00,3.313,111.833
22/03/2021 08:00:01,3/22/2021 8:00,10.438,107.322
22/03/2021 09:00:01,3/22/2021 9:00,13.25,107.003
22/03/2021 10:00:01,3/22/2021 10:00,17.563,104.088
22/03/2021 11:00:01,3/22/2021 11:00,20.875,82.611
22/03/2021 12:00:01,3/22/2021 12:00,23.688,69.197
22/03/2021 13:00:01,3/22/2021 13:00,24.5,64.486
22/03/2021 14:00:01,3/22/2021 14:00,23.5,59.097
22/03/2021 15:00:01,3/22/2021 15:00,22.563,62.81
22/03/2021 16:00:01,3/22/2021 16:00,19.438,60.374
22/03/2021 17:00:01,3/22/2021 17:00,15.563,70.674
22/03/2021 18:00:01,3/22/2021 18:00,9.5,86.164
22/03/2021 19:00:01,3/22/2021 19:00,6.188,102.372
22/03/2021 20:00:01,3/22/2021 20:00,4.75,107.162
22/03/2021 21:00:01,3/22/2021 21:00,7.75,106.324
22/03/2021 22:00:01,3/22/2021 22:00,6.25,108.639
22/03/2021 23:00:01,3/22/2021 23:00,5.688,109.198
23/03/2021 00:00:01,3/23/2021 0:00,6.125,109.358
23/03/2021 01:00:01,3/23/2021 1:00,5.625,109.637
23/03/2021 02:00:01,3/23/2021 2:00,3.938,110.316
23/03/2021 03:00:01,3/23/2021 3:00,3.313,110.995
23/03/2021 04:00:01,3/23/2021 4:00,2.563,111.993
23/03/2021 05:00:01,3/23/2021 5:00,2.125,112.112
23/03/2021 06:00:01,3/23/2021 6:00,3.75,112.552
23/03/2021 07:00:01,3/23/2021 7:00,5.375,110.516
23/03/2021 08:00:01,3/23/2021 8:00,9.875,109.039
23/03/2021 09:00:01,3/23/2021 9:00,15.188,106.404
23/03/2021 10:00:01,3/23/2021 10:00,17.813,104.208
23/03/2021 11:00:01,3/23/2021 11:00,20.125,99.378
23/03/2021 12:00:01,3/23/2021 12:00,23.625,75.944
23/03/2021 13:00:01,3/23/2021 13:00,24.125,65.165
23/03/2021 14:00:01,3/23/2021 14:00,23.688,59.057
23/03/2021 15:00:01,3/23/2021 15:00,22.688,61.133
23/03/2021 16:00:01,3/23/2021 16:00,16.063,68.798
23/03/2021 17:00:01,3/23/2021 17:00,14.625,75.026
23/03/2021 18:00:01,3/23/2021 18:00,9.438,92.272
23/03/2021 19:00:01,3/23/2021 19:00,5.938,103.889
23/03/2021 20:00:01,3/23/2021 20:00,5.938,107.362
23/03/2021 21:00:01,3/23/2021 21:00,4.563,108.2
23/03/2021 22:00:01,3/23/2021 22:00,3.938,110.077
23/03/2021 23:00:01,3/23/2021 23:00,5.25,100.815
24/03/2021 00:00:01,3/24/2021 0:00,6.5,70.634
24/03/2021 01:00:01,3/24/2021 1:00,7.375,53.588
24/03/2021 02:00:01,3/24/2021 2:00,8.063,44.446
24/03/2021 03:00:01,3/24/2021 3:00,8.063,41.811
24/03/2021 04:00:01,3/24/2021 4:00,7.688,45.843
24/03/2021 05:00:01,3/24/2021 5:00,6.5,51.153
24/03/2021 06:00:01,3/24/2021 6:00,6.813,54.346
24/03/2021 07:00:01,3/24/2021 7:00,8.125,47.759
24/03/2021 08:00:01,3/24/2021 8:00,12.063,42.37
24/03/2021 09:00:01,3/24/2021 9:00,15.563,35.863
24/03/2021 10:00:01,3/24/2021 10:00,20.063,32.509
24/03/2021 11:00:01,3/24/2021 11:00,23.563,29.635
24/03/2021 12:00:01,3/24/2021 12:00,26.438,37.939
24/03/2021 13:00:01,3/24/2021 13:00,25.188,36.142
24/03/2021 14:00:01,3/24/2021 14:00,26.5,34.944
24/03/2021 15:00:01,3/24/2021 15:00,24.25,30.753
24/03/2021 16:00:01,3/24/2021 16:00,21.938,40.015
24/03/2021 17:00:01,3/24/2021 17:00,16.563,47.001
24/03/2021 18:00:01,3/24/2021 18:00,10.375,66.003
24/03/2021 19:00:01,3/24/2021 19:00,5.5,90.595
24/03/2021 20:00:01,3/24/2021 20:00,5.625,98.06
24/03/2021 21:00:01,3/24/2021 21:00,4.938,101.573
24/03/2021 22:00:01,3/24/2021 22:00,4.625,105.845
24/03/2021 23:00:01,3/24/2021 23:00,4.813,102.372
25/03/2021 00:00:01,3/25/2021 0:00,4.875,102.412
25/03/2021 01:00:01,3/25/2021 1:00,4.938,104.048
25/03/2021 02:00:01,3/25/2021 2:00,5.313,101.933
25/03/2021 03:00:01,3/25/2021 3:00,6.813,103.13
25/03/2021 04:00:01,3/25/2021 4:00,6.938,103.41
25/03/2021 05:00:01,3/25/2021 5:00,7.25,104.288
25/03/2021 06:00:01,3/25/2021 6:00,7.75,105.166
25/03/2021 07:00:01,3/25/2021 7:00,9.813,102.731
25/03/2021 08:00:01,3/25/2021 8:00,10.875,102.611
25/03/2021 09:00:01,3/25/2021 9:00,13,94.587
25/03/2021 10:00:01,3/25/2021 10:00,14.375,81.812
25/03/2021 11:00:01,3/25/2021 11:00,20,66.323
25/03/2021 12:00:01,3/25/2021 12:00,16.125,71.073
25/03/2021 13:00:01,3/25/2021 13:00,15.313,75.425
25/03/2021 14:00:01,3/25/2021 14:00,16.813,66.602
25/03/2021 15:00:01,3/25/2021 15:00,13.125,77.301
25/03/2021 16:00:01,3/25/2021 16:00,10.5,84.128
25/03/2021 17:00:01,3/25/2021 17:00,10.5,85.365
25/03/2021 18:00:01,3/25/2021 18:00,9.75,92.671
25/03/2021 19:00:01,3/25/2021 19:00,9.063,100.735
25/03/2021 20:00:01,3/25/2021 20:00,8.375,102.491
25/03/2021 21:00:01,3/25/2021 21:00,8.063,105.006
25/03/2021 22:00:01,3/25/2021 22:00,8.313,104.727
25/03/2021 23:00:01,3/25/2021 23:00,7.875,105.565
26/03/2021 00:00:01,3/26/2021 0:00,6.875,107.641
26/03/2021 01:00:01,3/26/2021 1:00,7.688,107.402
26/03/2021 02:00:01,3/26/2021 2:00,7.625,107.681
26/03/2021 03:00:01,3/26/2021 3:00,3.438,110.276
26/03/2021 04:00:01,3/26/2021 4:00,2.188,111.194
26/03/2021 05:00:01,3/26/2021 5:00,2.063,111.913
26/03/2021 06:00:01,3/26/2021 6:00,4.313,110.316
26/03/2021 07:00:01,3/26/2021 7:00,8.188,109.917
26/03/2021 08:00:01,3/26/2021 8:00,11.375,107.921
26/03/2021 09:00:01,3/26/2021 9:00,13.75,106.683
26/03/2021 10:00:01,3/26/2021 10:00,17.125,104.727
26/03/2021 11:00:01,3/26/2021 11:00,19.5,95.545
26/03/2021 12:00:01,3/26/2021 12:00,22.938,69.277
26/03/2021 13:00:01,3/26/2021 13:00,24.688,57.819
26/03/2021 14:00:01,3/26/2021 14:00,26.063,53.708
26/03/2021 15:00:01,3/26/2021 15:00,24.313,50.115
26/03/2021 16:00:01,3/26/2021 16:00,20.25,54.187
26/03/2021 17:00:01,3/26/2021 17:00,15.25,66.922
26/03/2021 18:00:01,3/26/2021 18:00,9.5,87.401
26/03/2021 19:00:01,3/26/2021 19:00,5.875,100.455
26/03/2021 20:00:01,3/26/2021 20:00,4.625,103.33
26/03/2021 21:00:01,3/26/2021 21:00,3.875,107.162
26/03/2021 22:00:01,3/26/2021 22:00,3.188,108.799
26/03/2021 23:00:01,3/26/2021 23:00,2.813,108.719
27/03/2021 00:00:01,3/27/2021 0:00,2.625,110.356
27/03/2021 01:00:01,3/27/2021 1:00,2.125,110.196
27/03/2021 02:00:01,3/27/2021 2:00,1.938,110.795
27/03/2021 03:00:01,3/27/2021 3:00,1.313,111.234
27/03/2021 04:00:01,3/27/2021 4:00,1.063,111.314
27/03/2021 05:00:01,3/27/2021 5:00,0.938,111.713
27/03/2021 06:00:01,3/27/2021 6:00,1.063,111.913
27/03/2021 07:00:01,3/27/2021 7:00,4.125,111.753
27/03/2021 08:00:01,3/27/2021 8:00,10.75,107.362
27/03/2021 09:00:01,3/27/2021 9:00,14.625,104.527
27/03/2021 10:00:01,3/27/2021 10:00,21.313,81.932
27/03/2021 11:00:01,3/27/2021 11:00,25.75,55.823
27/03/2021 12:00:01,3/27/2021 12:00,28.438,51.472
27/03/2021 13:00:01,3/27/2021 13:00,30.125,41.971
27/03/2021 14:00:01,3/27/2021 14:00,30.813,37.899
27/03/2021 15:00:01,3/27/2021 15:00,28.563,36.302
27/03/2021 16:00:01,3/27/2021 16:00,25.125,34.785
27/03/2021 17:00:01,3/27/2021 17:00,20.125,49.955
27/03/2021 18:00:01,3/27/2021 18:00,12.938,74.706
27/03/2021 19:00:01,3/27/2021 19:00,8.313,92.272
27/03/2021 20:00:01,3/27/2021 20:00,6.875,99.497
27/03/2021 21:00:01,3/27/2021 21:00,5.813,103.889
27/03/2021 22:00:01,3/27/2021 22:00,5,108.12
27/03/2021 23:00:01,3/27/2021 23:00,4.5,107.202
28/03/2021 00:00:01,3/28/2021 0:00,4.188,108.759
28/03/2021 01:00:01,3/28/2021 1:00,3.813,109.677
28/03/2021 02:00:01,3/28/2021 2:00,3.688,109.837
28/03/2021 03:00:01,3/28/2021 3:00,3.313,109.917
28/03/2021 04:00:01,3/28/2021 4:00,2.75,110.236
28/03/2021 05:00:01,3/28/2021 5:00,2.875,110.476
28/03/2021 06:00:01,3/28/2021 6:00,3.5,110.516
28/03/2021 07:00:01,3/28/2021 7:00,5.75,109.637
28/03/2021 08:00:01,3/28/2021 8:00,13.938,100.296
28/03/2021 09:00:01,3/28/2021 9:00,21.375,56.143
28/03/2021 10:00:01,3/28/2021 10:00,27.5,38.258
28/03/2021 11:00:01,3/28/2021 11:00,29.938,32.15
28/03/2021 12:00:01,3/28/2021 12:00,32.688,29.156
28/03/2021 13:00:01,3/28/2021 13:00,36.438,24.086
28/03/2021 14:00:01,3/28/2021 14:00,36.563,23.966
28/03/2021 15:00:01,3/28/2021 15:00,34.25,24.285
28/03/2021 16:00:01,3/28/2021 16:00,29.688,27.04
28/03/2021 17:00:01,3/28/2021 17:00,23.875,34.984
28/03/2021 18:00:01,3/28/2021 18:00,16.5,47.6
28/03/2021 19:00:01,3/28/2021 19:00,10.438,77.501
28/03/2021 20:00:01,3/28/2021 20:00,8.688,85.046
28/03/2021 21:00:01,3/28/2021 21:00,7.688,89.757
28/03/2021 22:00:01,3/28/2021 22:00,8.063,84.647
28/03/2021 23:00:01,3/28/2021 23:00,8.125,85.325
29/03/2021 00:00:01,3/29/2021 0:00,6.688,90.036
29/03/2021 01:00:01,3/29/2021 1:00,6.688,88.719
29/03/2021 02:00:01,3/29/2021 2:00,5.75,96.463
29/03/2021 03:00:01,3/29/2021 3:00,5.188,97.9
29/03/2021 04:00:01,3/29/2021 4:00,4.938,98.459
29/03/2021 05:00:01,3/29/2021 5:00,4.25,100.455
29/03/2021 06:00:01,3/29/2021 6:00,3.875,103.41
29/03/2021 07:00:01,3/29/2021 7:00,6.125,104.168
29/03/2021 08:00:01,3/29/2021 8:00,13.875,91.673
29/03/2021 09:00:01,3/29/2021 9:00,20.5,60.414
29/03/2021 10:00:01,3/29/2021 10:00,26.813,35.943
29/03/2021 11:00:01,3/29/2021 11:00,30.438,31.831
29/03/2021 12:00:01,3/29/2021 12:00,34.438,29.156
29/03/2021 13:00:01,3/29/2021 13:00,34.938,26.202
29/03/2021 14:00:01,3/29/2021 14:00,35.375,25.842
29/03/2021 15:00:01,3/29/2021 15:00,32.813,30.034
29/03/2021 16:00:01,3/29/2021 16:00,27.563,38.897
29/03/2021 17:00:01,3/29/2021 17:00,21.625,50.514
29/03/2021 18:00:01,3/29/2021 18:00,15,68.159
29/03/2021 19:00:01,3/29/2021 19:00,9.563,87.521
29/03/2021 20:00:01,3/29/2021 20:00,8.125,94.827
29/03/2021 21:00:01,3/29/2021 21:00,6.625,99.577
29/03/2021 22:00:01,3/29/2021 22:00,5.875,104.128
29/03/2021 23:00:01,3/29/2021 23:00,5.063,104.607
30/03/2021 00:00:01,3/30/2021 0:00,4.625,105.685
30/03/2021 01:00:01,3/30/2021 1:00,4.938,107.322
30/03/2021 02:00:01,3/30/2021 2:00,6.625,104.647
30/03/2021 03:00:01,3/30/2021 3:00,3.563,107.042
30/03/2021 04:00:01,3/30/2021 4:00,9.125,103.529
30/03/2021 05:00:01,3/30/2021 5:00,9.75,105.406
30/03/2021 06:00:01,3/30/2021 6:00,9.125,107.482
30/03/2021 07:00:01,3/30/2021 7:00,11.063,106.723
30/03/2021 08:00:01,3/30/2021 8:00,14,104.887
30/03/2021 09:00:01,3/30/2021 9:00,17.938,97.781
30/03/2021 10:00:01,3/30/2021 10:00,21.25,86.922
30/03/2021 11:00:01,3/30/2021 11:00,27.125,53.668
30/03/2021 12:00:01,3/30/2021 12:00,31.875,37.22
30/03/2021 13:00:01,3/30/2021 13:00,34.125,31.751
30/03/2021 14:00:01,3/30/2021 14:00,34.25,32.19
30/03/2021 15:00:01,3/30/2021 15:00,32.5,33.986
30/03/2021 16:00:01,3/30/2021 16:00,28.188,42.689
30/03/2021 17:00:01,3/30/2021 17:00,22.375,53.747
30/03/2021 18:00:01,3/30/2021 18:00,15.25,73.708
30/03/2021 19:00:01,3/30/2021 19:00,10.375,88.359
30/03/2021 20:00:01,3/30/2021 20:00,8.875,95.545
30/03/2021 21:00:01,3/30/2021 21:00,7.563,100.895
30/03/2021 22:00:01,3/30/2021 22:00,7.625,100.416
30/03/2021 23:00:01,3/30/2021 23:00,6.375,105.046
31/03/2021 00:00:01,3/31/2021 0:00,7.563,97.062
31/03/2021 01:00:01,3/31/2021 1:00,10.625,49.117
31/03/2021 02:00:01,3/31/2021 2:00,9.5,45.564
31/03/2021 03:00:01,3/31/2021 3:00,10.375,34.226
31/03/2021 04:00:01,3/31/2021 4:00,10.688,31.95
31/03/2021 05:00:01,3/31/2021 5:00,10.688,29.156
31/03/2021 06:00:01,3/31/2021 6:00,12.625,21.731
31/03/2021 07:00:01,3/31/2021 7:00,12.813,26.761
31/03/2021 08:00:01,3/31/2021 8:00,17.875,22.13
31/03/2021 09:00:01,3/31/2021 9:00,23.5,19.934
31/03/2021 10:00:01,3/31/2021 10:00,28.063,15.662
31/03/2021 11:00:01,3/31/2021 11:00,33.688,11.83
31/03/2021 12:00:01,3/31/2021 12:00,35.438,11.311
31/03/2021 13:00:01,3/31/2021 13:00,37.938,8.956
31/03/2021 14:00:01,3/31/2021 14:00,38.875,12.229
31/03/2021 15:00:01,3/31/2021 15:00,35.563,13.028
31/03/2021 16:00:01,3/31/2021 16:00,32.375,17.299
31/03/2021 17:00:01,3/31/2021 17:00,25.438,18.217
31/03/2021 18:00:01,3/31/2021 18:00,17.063,40.933
31/03/2021 19:00:01,3/31/2021 19:00,11.063,58.977
31/03/2021 20:00:01,3/31/2021 20:00,12,49.156
31/03/2021 21:00:01,3/31/2021 21:00,11.188,55.025
31/03/2021 22:00:01,3/31/2021 22:00,13.188,34.386
31/03/2021 23:00:01,3/31/2021 23:00,13.375,31.631
1/4/2021 0:00,4/1/2021 0:00,13.563,26.321
1/4/2021 1:00,4/1/2021 1:00,16.438,17.02
1/4/2021 2:00,4/1/2021 2:00,12.938,23.407
1/4/2021 3:00,4/1/2021 3:00,13.438,19.215
1/4/2021 4:00,4/1/2021 4:00,12.938,20.293
1/4/2021 5:00,4/1/2021 5:00,12.438,22.409
1/4/2021 6:00,4/1/2021 6:00,11.313,29.196
1/4/2021 7:00,4/1/2021 7:00,14,27.918
1/4/2021 8:00,4/1/2021 8:00,19.563,36.821
1/4/2021 9:00,4/1/2021 9:00,21.313,35.543
1/4/2021 10:00,4/1/2021 10:00,20.25,46.881
1/4/2021 11:00,4/1/2021 11:00,27.875,19.974
1/4/2021 12:00,4/1/2021 12:00,35.938,21.81
1/4/2021 13:00,4/1/2021 13:00,43.875,10.353
1/4/2021 14:00,4/1/2021 14:00,41.438,10.513
1/4/2021 15:00,4/1/2021 15:00,30.375,16.341
1/4/2021 16:00,4/1/2021 16:00,35.563,13.626
1/4/2021 17:00,4/1/2021 17:00,27.688,21.531
1/4/2021 18:00,4/1/2021 18:00,18.313,33.348
1/4/2021 19:00,4/1/2021 19:00,13.688,51.073
1/4/2021 20:00,4/1/2021 20:00,11.5,57.66
1/4/2021 21:00,4/1/2021 21:00,9.5,66.682
1/4/2021 22:00,4/1/2021 22:00,8.563,69.357
1/4/2021 23:00,4/1/2021 23:00,7.813,69.397
2/4/2021 0:00,4/2/2021 0:00,6.688,74.507
2/4/2021 1:00,4/2/2021 1:00,6.063,76.702
2/4/2021 2:00,4/2/2021 2:00,5.375,78.698
2/4/2021 3:00,4/2/2021 3:00,4.875,81.652
2/4/2021 4:00,4/2/2021 4:00,4.313,85.245
2/4/2021 5:00,4/2/2021 5:00,4,88.838
2/4/2021 6:00,4/2/2021 6:00,4.25,91.313
2/4/2021 7:00,4/2/2021 7:00,6.938,91.952
2/4/2021 8:00,4/2/2021 8:00,14.125,87.241
2/4/2021 9:00,4/2/2021 9:00,21.5,62.331
2/4/2021 10:00,4/2/2021 10:00,27,40.094
2/4/2021 11:00,4/2/2021 11:00,31.625,28.797
2/4/2021 12:00,4/2/2021 12:00,35.438,23.327
2/4/2021 13:00,4/2/2021 13:00,38.813,21.092
2/4/2021 14:00,4/2/2021 14:00,38.938,22.729
2/4/2021 15:00,4/2/2021 15:00,34.875,25.842
2/4/2021 16:00,4/2/2021 16:00,30.813,32.709
2/4/2021 17:00,4/2/2021 17:00,24.5,44.526
2/4/2021 18:00,4/2/2021 18:00,16.75,63.608
2/4/2021 19:00,4/2/2021 19:00,12.063,81.173
2/4/2021 20:00,4/2/2021 20:00,8.75,88.279
2/4/2021 21:00,4/2/2021 21:00,6.938,92.112
2/4/2021 22:00,4/2/2021 22:00,6.375,95.465
2/4/2021 23:00,4/2/2021 23:00,6.75,96.863
3/4/2021 0:00,4/3/2021 0:00,5.375,98.14
3/4/2021 1:00,4/3/2021 1:00,4.375,100.296
3/4/2021 2:00,4/3/2021 2:00,3.625,100.775
3/4/2021 3:00,4/3/2021 3:00,3.563,102.372
3/4/2021 4:00,4/3/2021 4:00,4.188,102.491
3/4/2021 5:00,4/3/2021 5:00,9.25,94.946
3/4/2021 6:00,4/3/2021 6:00,8.125,98.22
3/4/2021 7:00,4/3/2021 7:00,11.25,94.866
3/4/2021 8:00,4/3/2021 8:00,14.563,98.459
3/4/2021 9:00,4/3/2021 9:00,18.625,87.162
3/4/2021 10:00,4/3/2021 10:00,25.063,57.101
3/4/2021 11:00,4/3/2021 11:00,30,37.42
3/4/2021 12:00,4/3/2021 12:00,35,27.519
3/4/2021 13:00,4/3/2021 13:00,39.25,21.411
3/4/2021 14:00,4/3/2021 14:00,39.438,20.732
3/4/2021 15:00,4/3/2021 15:00,36.563,23.327
3/4/2021 16:00,4/3/2021 16:00,31.063,27.599
3/4/2021 17:00,4/3/2021 17:00,24.875,42.25
3/4/2021 18:00,4/3/2021 18:00,16.813,60.135
3/4/2021 19:00,4/3/2021 19:00,10.75,80.096
3/4/2021 20:00,4/3/2021 20:00,9.625,87.122
3/4/2021 21:00,4/3/2021 21:00,9.625,90.076
3/4/2021 22:00,4/3/2021 22:00,7.438,94.068
3/4/2021 23:00,4/3/2021 23:00,5.813,97.661
4/4/2021 0:00,4/4/2021 0:00,5,98.419
4/4/2021 1:00,4/4/2021 1:00,4.188,98.18
4/4/2021 2:00,4/4/2021 2:00,4.313,98.619
4/4/2021 3:00,4/4/2021 3:00,4.125,97.581
4/4/2021 4:00,4/4/2021 4:00,4.125,98.978
4/4/2021 5:00,4/4/2021 5:00,3.875,97.98
4/4/2021 6:00,4/4/2021 6:00,4.188,100.735
4/4/2021 7:00,4/4/2021 7:00,6.875,98.459
4/4/2021 8:00,4/4/2021 8:00,13.938,83.649
4/4/2021 9:00,4/4/2021 9:00,23,55.025
4/4/2021 10:00,4/4/2021 10:00,27.688,41.971
4/4/2021 11:00,4/4/2021 11:00,29,31.831
4/4/2021 12:00,4/4/2021 12:00,33.375,26.082
4/4/2021 13:00,4/4/2021 13:00,39.563,18.377
4/4/2021 14:00,4/4/2021 14:00,39.75,16.421
4/4/2021 15:00,4/4/2021 15:00,36.188,20.613
4/4/2021 16:00,4/4/2021 16:00,31.313,24.844
4/4/2021 17:00,4/4/2021 17:00,23.813,35.184
4/4/2021 18:00,4/4/2021 18:00,17.125,52.59
4/4/2021 19:00,4/4/2021 19:00,11.375,69.756
4/4/2021 20:00,4/4/2021 20:00,9.25,77.82
4/4/2021 21:00,4/4/2021 21:00,9.313,81.533
4/4/2021 22:00,4/4/2021 22:00,7.75,85.046
4/4/2021 23:00,4/4/2021 23:00,6.813,89.557
5/4/2021 0:00,4/5/2021 0:00,6.5,90.755
5/4/2021 1:00,4/5/2021 1:00,6.25,92.072
5/4/2021 2:00,4/5/2021 2:00,5.75,95.146
5/4/2021 3:00,4/5/2021 3:00,5.125,96.743
5/4/2021 4:00,4/5/2021 4:00,4.5,99.497
5/4/2021 5:00,4/5/2021 5:00,4.563,98.619
5/4/2021 6:00,4/5/2021 6:00,9.063,95.106
5/4/2021 7:00,4/5/2021 7:00,11.813,90.794
5/4/2021 8:00,4/5/2021 8:00,14.125,92.192
5/4/2021 9:00,4/5/2021 9:00,20.313,69.995
5/4/2021 10:00,4/5/2021 10:00,26.063,47.2
5/4/2021 11:00,4/5/2021 11:00,31.563,30.873
5/4/2021 12:00,4/5/2021 12:00,33.75,29.036
5/4/2021 13:00,4/5/2021 13:00,37.625,22.13
5/4/2021 14:00,4/5/2021 14:00,38.063,22.21
5/4/2021 15:00,4/5/2021 15:00,34.625,23.767
5/4/2021 16:00,4/5/2021 16:00,29.375,29.755
5/4/2021 17:00,4/5/2021 17:00,23.438,43.049
5/4/2021 18:00,4/5/2021 18:00,15.938,62.929
5/4/2021 19:00,4/5/2021 19:00,12.375,78.778
5/4/2021 20:00,4/5/2021 20:00,10.375,86.882
5/4/2021 21:00,4/5/2021 21:00,13.438,82.611
5/4/2021 22:00,4/5/2021 22:00,13,86.164
5/4/2021 23:00,4/5/2021 23:00,13.438,83.09
6/4/2021 0:00,4/6/2021 0:00,9.25,91.952
6/4/2021 1:00,4/6/2021 1:00,10.688,93.988
6/4/2021 2:00,4/6/2021 2:00,10.5,93.31
6/4/2021 3:00,4/6/2021 3:00,11.75,91.034
6/4/2021 4:00,4/6/2021 4:00,12.188,88.12
6/4/2021 5:00,4/6/2021 5:00,12,88.918
6/4/2021 6:00,4/6/2021 6:00,12.375,89.038
6/4/2021 7:00,4/6/2021 7:00,13.688,84.447
6/4/2021 8:00,4/6/2021 8:00,17.5,74.028
6/4/2021 9:00,4/6/2021 9:00,21.625,60.614
6/4/2021 10:00,4/6/2021 10:00,27.75,41.532
6/4/2021 11:00,4/6/2021 11:00,31.438,32.23
6/4/2021 12:00,4/6/2021 12:00,33,27.28
6/4/2021 13:00,4/6/2021 13:00,34.25,25.244
6/4/2021 14:00,4/6/2021 14:00,38.25,21.411
6/4/2021 15:00,4/6/2021 15:00,36.563,21.371
6/4/2021 16:00,4/6/2021 16:00,30.438,29.036
6/4/2021 17:00,4/6/2021 17:00,24.25,41.412
6/4/2021 18:00,4/6/2021 18:00,17.188,58.458
6/4/2021 19:00,4/6/2021 19:00,13.063,73.149
6/4/2021 20:00,4/6/2021 20:00,11.688,82.571
6/4/2021 21:00,4/6/2021 21:00,9.563,88.599
6/4/2021 22:00,4/6/2021 22:00,10.188,92.032
6/4/2021 23:00,4/6/2021 23:00,8.563,92.87
7/4/2021 0:00,4/7/2021 0:00,8.125,93.469
7/4/2021 1:00,4/7/2021 1:00,8.188,95.146
7/4/2021 2:00,4/7/2021 2:00,7.563,96.264
7/4/2021 3:00,4/7/2021 3:00,6.938,99.058
7/4/2021 4:00,4/7/2021 4:00,6.438,97.98
7/4/2021 5:00,4/7/2021 5:00,6.188,99.098
7/4/2021 6:00,4/7/2021 6:00,7.313,99.138
7/4/2021 7:00,4/7/2021 7:00,10.188,97.98
7/4/2021 8:00,4/7/2021 8:00,15.75,89.437
7/4/2021 9:00,4/7/2021 9:00,22.875,62.131
7/4/2021 10:00,4/7/2021 10:00,29.125,36.302
7/4/2021 11:00,4/7/2021 11:00,33.188,25.164
7/4/2021 12:00,4/7/2021 12:00,36.188,23.767
7/4/2021 13:00,4/7/2021 13:00,40.688,17.379
7/4/2021 14:00,4/7/2021 14:00,42.625,15.183
7/4/2021 15:00,4/7/2021 15:00,32.5,24.246
7/4/2021 16:00,4/7/2021 16:00,30.813,28.677
7/4/2021 17:00,4/7/2021 17:00,25.5,36.661
7/4/2021 18:00,4/7/2021 18:00,18.313,52.51
7/4/2021 19:00,4/7/2021 19:00,13.125,67.76
7/4/2021 20:00,4/7/2021 20:00,11.125,76.822
7/4/2021 21:00,4/7/2021 21:00,10.063,80.974
7/4/2021 22:00,4/7/2021 22:00,9.5,85.006
7/4/2021 23:00,4/7/2021 23:00,8.75,87.281
8/4/2021 0:00,4/8/2021 0:00,8.25,88.878
8/4/2021 1:00,4/8/2021 1:00,7.688,90.156
8/4/2021 2:00,4/8/2021 2:00,7.25,90.395
8/4/2021 3:00,4/8/2021 3:00,6.813,92.551
8/4/2021 4:00,4/8/2021 4:00,6.813,93.389
8/4/2021 5:00,4/8/2021 5:00,6.5,94.148
8/4/2021 6:00,4/8/2021 6:00,7.25,94.427
8/4/2021 7:00,4/8/2021 7:00,10.813,92.032
8/4/2021 8:00,4/8/2021 8:00,15.813,81.453
8/4/2021 9:00,4/8/2021 9:00,22.5,53.428
8/4/2021 10:00,4/8/2021 10:00,27.938,38.577
8/4/2021 11:00,4/8/2021 11:00,33.188,27.599
8/4/2021 12:00,4/8/2021 12:00,35.063,25.842
8/4/2021 13:00,4/8/2021 13:00,38.75,19.575
8/4/2021 14:00,4/8/2021 14:00,39.375,16.9
8/4/2021 15:00,4/8/2021 15:00,36.313,20.892
8/4/2021 16:00,4/8/2021 16:00,31.688,24.924
8/4/2021 17:00,4/8/2021 17:00,24.938,34.905
8/4/2021 18:00,4/8/2021 18:00,17.25,48.638
8/4/2021 19:00,4/8/2021 19:00,13.125,60.654
8/4/2021 20:00,4/8/2021 20:00,10.75,69.317
8/4/2021 21:00,4/8/2021 21:00,8.5,77.62
8/4/2021 22:00,4/8/2021 22:00,8,80.495
8/4/2021 23:00,4/8/2021 23:00,7.5,83.808
9/4/2021 0:00,4/9/2021 0:00,6.938,86.204
9/4/2021 1:00,4/9/2021 1:00,6.125,87.002
9/4/2021 2:00,4/9/2021 2:00,6.25,89.078
9/4/2021 3:00,4/9/2021 3:00,5.5,89.796
9/4/2021 4:00,4/9/2021 4:00,5.125,92.311
9/4/2021 5:00,4/9/2021 5:00,5,94.148
9/4/2021 6:00,4/9/2021 6:00,5.125,93.389
9/4/2021 7:00,4/9/2021 7:00,8.875,92.671
9/4/2021 8:00,4/9/2021 8:00,14.75,87.361
9/4/2021 9:00,4/9/2021 9:00,21.625,61.173
9/4/2021 10:00,4/9/2021 10:00,27.625,40.613
9/4/2021 11:00,4/9/2021 11:00,33.75,25.842
9/4/2021 12:00,4/9/2021 12:00,35.938,22.289
9/4/2021 13:00,4/9/2021 13:00,40.125,17.06
9/4/2021 14:00,4/9/2021 14:00,41,16.142
9/4/2021 15:00,4/9/2021 15:00,37.938,19.655
9/4/2021 16:00,4/9/2021 16:00,33.625,24.725
9/4/2021 17:00,4/9/2021 17:00,26.875,33.907
9/4/2021 18:00,4/9/2021 18:00,19.813,48.598
9/4/2021 19:00,4/9/2021 19:00,14.688,65.365
9/4/2021 20:00,4/9/2021 20:00,11.625,74.387
9/4/2021 21:00,4/9/2021 21:00,10.563,79.257
9/4/2021 22:00,4/9/2021 22:00,9.313,83.529
9/4/2021 23:00,4/9/2021 23:00,8.688,85.006
10/4/2021 0:00,4/10/2021 0:00,8.125,86.124
10/4/2021 1:00,4/10/2021 1:00,7.625,86.802
10/4/2021 2:00,4/10/2021 2:00,7.813,90.834
10/4/2021 3:00,4/10/2021 3:00,6.625,91.793
10/4/2021 4:00,4/10/2021 4:00,6.375,91.353
10/4/2021 5:00,4/10/2021 5:00,6.313,92.112
10/4/2021 6:00,4/10/2021 6:00,7.188,92.791
10/4/2021 7:00,4/10/2021 7:00,10.375,90.555
10/4/2021 8:00,4/10/2021 8:00,15.938,86.563
10/4/2021 9:00,4/10/2021 9:00,22.625,60.494
10/4/2021 10:00,4/10/2021 10:00,28.188,41.532
10/4/2021 11:00,4/10/2021 11:00,35.5,25.044
10/4/2021 12:00,4/10/2021 12:00,36.875,23.607
10/4/2021 13:00,4/10/2021 13:00,40.125,18.816
10/4/2021 14:00,4/10/2021 14:00,41.375,15.742
10/4/2021 15:00,4/10/2021 15:00,38.375,17.219
10/4/2021 16:00,4/10/2021 16:00,29.188,26.441
10/4/2021 17:00,4/10/2021 17:00,23.438,39.975
10/4/2021 18:00,4/10/2021 18:00,17.875,54.107
10/4/2021 19:00,4/10/2021 19:00,13.188,69.636
10/4/2021 20:00,4/10/2021 20:00,12.063,75.065
10/4/2021 21:00,4/10/2021 21:00,10.625,79.856
10/4/2021 22:00,4/10/2021 22:00,9.938,83.01
10/4/2021 23:00,4/10/2021 23:00,8.688,86.004
11/4/2021 0:00,4/11/2021 0:00,12.25,83.888
11/4/2021 1:00,4/11/2021 1:00,13.125,82.85
11/4/2021 2:00,4/11/2021 2:00,13.313,84.048
11/4/2021 3:00,4/11/2021 3:00,13.438,84.766
11/4/2021 4:00,4/11/2021 4:00,13,87.641
11/4/2021 5:00,4/11/2021 5:00,12.563,89.517
11/4/2021 6:00,4/11/2021 6:00,11.563,92.112
11/4/2021 7:00,4/11/2021 7:00,12.875,90.675
11/4/2021 8:00,4/11/2021 8:00,18.313,77.9
11/4/2021 9:00,4/11/2021 9:00,23.438,56.143
11/4/2021 10:00,4/11/2021 10:00,25.563,44.845
11/4/2021 11:00,4/11/2021 11:00,31.875,32.27
11/4/2021 12:00,4/11/2021 12:00,33.563,27.679
11/4/2021 13:00,4/11/2021 13:00,35.875,24.685
11/4/2021 14:00,4/11/2021 14:00,41.438,17.978
11/4/2021 15:00,4/11/2021 15:00,38.188,19.335
11/4/2021 16:00,4/11/2021 16:00,32.813,26.521
11/4/2021 17:00,4/11/2021 17:00,25.563,39.336
11/4/2021 18:00,4/11/2021 18:00,18.5,55.783
11/4/2021 19:00,4/11/2021 19:00,14.438,71.872
11/4/2021 20:00,4/11/2021 20:00,12.375,78.818
11/4/2021 21:00,4/11/2021 21:00,11.188,83.649
11/4/2021 22:00,4/11/2021 22:00,14.625,78.099
11/4/2021 23:00,4/11/2021 23:00,14.5,77.86
12/4/2021 0:00,4/12/2021 0:00,14.375,78.978
12/4/2021 1:00,4/12/2021 1:00,14.313,79.018
12/4/2021 2:00,4/12/2021 2:00,14.063,79.457
12/4/2021 3:00,4/12/2021 3:00,13.625,84.048
12/4/2021 4:00,4/12/2021 4:00,13.5,85.724
12/4/2021 5:00,4/12/2021 5:00,13.375,86.363
12/4/2021 6:00,4/12/2021 6:00,13.563,86.283
12/4/2021 7:00,4/12/2021 7:00,14,87.76
12/4/2021 8:00,4/12/2021 8:00,16.063,84.048
12/4/2021 9:00,4/12/2021 9:00,17.625,73.189
12/4/2021 10:00,4/12/2021 10:00,19.938,65.404
12/4/2021 11:00,4/12/2021 11:00,23.875,51.711
12/4/2021 12:00,4/12/2021 12:00,29.813,31.711
12/4/2021 13:00,4/12/2021 13:00,36.25,22.17
12/4/2021 14:00,4/12/2021 14:00,38.75,18.497
12/4/2021 15:00,4/12/2021 15:00,35.938,20.174
12/4/2021 16:00,4/12/2021 16:00,28.063,33.587
12/4/2021 17:00,4/12/2021 17:00,23.688,38.977
12/4/2021 18:00,4/12/2021 18:00,17.125,55.704
12/4/2021 19:00,4/12/2021 19:00,16.125,64.446
12/4/2021 20:00,4/12/2021 20:00,15.75,66.762
12/4/2021 21:00,4/12/2021 21:00,15.438,70.914
12/4/2021 22:00,4/12/2021 22:00,14.938,72.311
12/4/2021 23:00,4/12/2021 23:00,14.625,75.026
13/04/2021 00:00:01,4/13/2021 0:00,13.688,84.168
13/04/2021 01:00:01,4/13/2021 1:00,13,89.557
13/04/2021 02:00:01,4/13/2021 2:00,12.313,102.212
13/04/2021 03:00:01,4/13/2021 3:00,12.625,105.126
13/04/2021 04:00:01,4/13/2021 4:00,12.563,105.046
13/04/2021 05:00:01,4/13/2021 5:00,12.625,102.372
13/04/2021 06:00:01,4/13/2021 6:00,12.438,100.974
13/04/2021 07:00:01,4/13/2021 7:00,13.188,96.703
13/04/2021 08:00:01,4/13/2021 8:00,14.125,96.503
13/04/2021 09:00:01,4/13/2021 9:00,15.938,101.453
13/04/2021 10:00:01,4/13/2021 10:00,20,94.986
13/04/2021 11:00:01,4/13/2021 11:00,17.875,99.817
13/04/2021 12:00:01,4/13/2021 12:00,23.25,74.028
13/04/2021 13:00:01,4/13/2021 13:00,22,53.708
13/04/2021 14:00:01,4/13/2021 14:00,19.875,57.34
13/04/2021 15:00:01,4/13/2021 15:00,17.875,60.893
13/04/2021 16:00:01,4/13/2021 16:00,16.688,69.197
13/04/2021 17:00:01,4/13/2021 17:00,15.625,71.912
13/04/2021 18:00:01,4/13/2021 18:00,14,75.026
13/04/2021 19:00:01,4/13/2021 19:00,13.188,81.932
13/04/2021 20:00:01,4/13/2021 20:00,12.625,84.168
13/04/2021 21:00:01,4/13/2021 21:00,12.438,85.086
13/04/2021 22:00:01,4/13/2021 22:00,12.188,90.834
13/04/2021 23:00:01,4/13/2021 23:00,12,103.45
14/04/2021 00:00:01,4/14/2021 0:00,12.125,105.286
14/04/2021 01:00:01,4/14/2021 1:00,11.875,105.685
14/04/2021 02:00:01,4/14/2021 2:00,11.5,105.725
14/04/2021 03:00:01,4/14/2021 3:00,11.188,106.164
14/04/2021 04:00:01,4/14/2021 4:00,10.688,107.641
14/04/2021 05:00:01,4/14/2021 5:00,10.688,108.28
14/04/2021 06:00:01,4/14/2021 6:00,10.438,107.242
14/04/2021 07:00:01,4/14/2021 7:00,10.813,107.282
14/04/2021 08:00:01,4/14/2021 8:00,14.688,105.046
