file,sample,CONVERTED-BASES,CONVERTED-READS,INPUT-BASES,INPUT-READS,MAPPED-BASES,MAPPED-READS,total,base_substitution,small_indel,large_deletion,large_insertion,large_amplification,large_substitution,mobile_element_insertion,gene_conversion,inversion,reference_bp,called_reference_bp,base_substitution.synonymous,base_substitution.nonsynonymous,base_substitution.nonsense,base_substitution.noncoding,base_substitution.pseudogene,base_substitution.intergenic
T1_CG10.bre.gd,T1_CG10,241670966,1787741,241689624,1787914,240878287,1781364,4,2,2,0,0,0,0,0,0,0,3773875,3708157,0,1,0,0,0,1
T1_CG11.bre.gd,T1_CG11,291230914,2161067,291254182,2161280,290348564,2153973,7,3,4,0,0,0,0,0,0,0,3773875,3709578,0,2,0,0,0,1
T1_CG12.bre.gd,T1_CG12,178104199,1312467,178116501,1312580,177636693,1308794,4,1,3,0,0,0,0,0,0,0,3773875,3703241,0,0,0,0,0,1
T1_CG13.bre.gd,T1_CG13,195193497,1461490,195214509,1461686,194680729,1457442,5,1,4,0,0,0,0,0,0,0,3773875,3707110,0,0,0,0,0,1
T1_CG14.bre.gd,T1_CG14,265832823,1979824,265852294,1980012,264817175,1971703,4,1,3,0,0,0,0,0,0,0,3773875,3709190,0,0,0,0,0,1
T1_CG15.bre.gd,T1_CG15,261484625,1944461,261503440,1944644,260698087,1938247,4,1,3,0,0,0,0,0,0,0,3773875,3708027,0,0,0,0,0,1
T1_CG16.bre.gd,T1_CG16,223729363,1669748,223744930,1669896,223230940,1665889,6,1,5,0,0,0,0,0,0,0,3773875,3708388,0,0,0,0,0,1
T1_CG17.bre.gd,T1_CG17,192152068,1438293,192165758,1438424,191544019,1433416,4,2,2,0,0,0,0,0,0,0,3773875,3705764,1,0,0,0,0,1
T1_CG18.bre.gd,T1_CG18,241329338,1799059,241348265,1799226,240723042,1794370,5,2,3,0,0,0,0,0,0,0,3773875,3708786,0,0,0,0,0,2
T1_CG19.bre.gd,T1_CG19,289757724,2164470,289778987,2164666,288886430,2157614,4,1,3,0,0,0,0,0,0,0,3773875,3708905,0,0,0,0,0,1
T1_CG1.bre.gd,T1_CG1,196084216,1467563,196106486,1467774,195583944,1463603,3,1,2,0,0,0,0,0,0,0,3773875,3706940,0,0,0,0,0,1
T1_CG20.bre.gd,T1_CG20,163110965,1207298,163124122,1207418,162799608,1204918,3,1,2,0,0,0,0,0,0,0,3773875,3704738,0,0,0,0,0,1
T1_CG21.bre.gd,T1_CG21,139980520,1051409,139991327,1051512,139638620,1048704,3,1,2,0,0,0,0,0,0,0,3773875,3703282,0,0,0,0,0,1
T1_CG22.bre.gd,T1_CG22,284378779,2109735,284408256,2110010,283415121,2102097,3,1,2,0,0,0,0,0,0,0,3773875,3709239,0,0,0,0,0,1
T1_CG23.bre.gd,T1_CG23,203838228,1528993,203857830,1529180,203427299,1525810,5,3,2,0,0,0,0,0,0,0,3773875,3707413,0,2,0,0,0,1
T1_CG24.bre.gd,T1_CG24,218937315,1640185,218955203,1640352,218225165,1634542,4,2,2,0,0,0,0,0,0,0,3773875,3706651,0,1,0,0,0,1
T1_CG25.bre.gd,T1_CG25,222719545,1652836,222736549,1652996,222119705,1648182,4,2,2,0,0,0,0,0,0,0,3773875,3706892,0,0,1,0,0,1
T1_CG26.bre.gd,T1_CG26,207359081,1522127,207371631,1522252,206863113,1518312,3,1,2,0,0,0,0,0,0,0,3773875,3706958,0,0,0,0,0,1
T1_CG27.bre.gd,T1_CG27,229200187,1709985,229214793,1710114,228472412,1704305,3,1,2,0,0,0,0,0,0,0,3773875,3707102,0,0,0,0,0,1
T1_CG28.bre.gd,T1_CG28,240420223,1788396,240440673,1788582,239704083,1782712,3,1,2,0,0,0,0,0,0,0,3773875,3707077,0,0,0,0,0,1
T1_CG29.bre.gd,T1_CG29,240639189,1791793,240657421,1791964,239742480,1784674,3,1,2,0,0,0,0,0,0,0,3773875,3707740,0,0,0,0,0,1
T1_CG2.bre.gd,T1_CG2,197021355,1454019,197036867,1454162,196542250,1450337,5,3,2,0,0,0,0,0,0,0,3773875,3707473,1,1,0,0,0,1
T1_CG30.bre.gd,T1_CG30,226260205,1673653,226271480,1673762,225584583,1668358,3,1,2,0,0,0,0,0,0,0,3773875,3705827,0,0,0,0,0,1
T1_CG31.bre.gd,T1_CG31,232652259,1722979,232671250,1723150,232070837,1718364,5,2,3,0,0,0,0,0,0,0,3773875,3707813,0,1,0,0,0,1
T1_CG32.bre.gd,T1_CG32,276186120,2037813,276209233,2038030,275437596,2031952,3,1,2,0,0,0,0,0,0,0,3773875,3709601,0,0,0,0,0,1
T1_CG33.bre.gd,T1_CG33,279714391,2083826,279732970,2084004,278767795,2076311,4,2,2,0,0,0,0,0,0,0,3773875,3709002,1,0,0,0,0,1
T1_CG34.bre.gd,T1_CG34,186759727,1397671,186769522,1397766,186151975,1392867,4,1,3,0,0,0,0,0,0,0,3773875,3692563,0,0,0,0,0,1
T1_CG35.bre.gd,T1_CG35,290045773,2158078,290074446,2158350,288956202,2149130,3,1,2,0,0,0,0,0,0,0,3773875,3709416,0,0,0,0,0,1
T1_CG36.bre.gd,T1_CG36,211666272,1576845,211682225,1576996,211168791,1572960,5,3,2,0,0,0,0,0,0,0,3773875,3708026,2,0,0,0,0,1
T1_CG37.bre.gd,T1_CG37,247561832,1842619,247582840,1842816,246938578,1837701,4,2,2,0,0,0,0,0,0,0,3773875,3709107,1,0,0,0,0,1
T1_CG38.bre.gd,T1_CG38,240509900,1793481,240524354,1793616,239742281,1787379,4,2,2,0,0,0,0,0,0,0,3773875,3708764,0,1,0,0,0,1
T1_CG39.bre.gd,T1_CG39,146585374,1111331,146600043,1111464,146318457,1109384,3,1,2,0,0,0,0,0,0,0,3773875,3700351,0,0,0,0,0,1
T1_CG3.bre.gd,T1_CG3,178390750,1324346,178406763,1324506,177913651,1320552,4,2,2,0,0,0,0,0,0,0,3773875,3705701,0,0,0,0,0,2
T1_CG40.bre.gd,T1_CG40,245725914,1846716,245749549,1846940,245036990,1841211,4,2,2,0,0,0,0,0,0,0,3773875,3708897,0,1,0,0,0,1
T1_CG42.bre.gd,T1_CG42,293181635,2201297,293207543,2201542,292225002,2193580,4,1,3,0,0,0,0,0,0,0,3773875,3709659,0,0,0,0,0,1
T1_CG43.bre.gd,T1_CG43,307201932,2285780,307222308,2285968,306306628,2278802,3,1,2,0,0,0,0,0,0,0,3773875,3709988,0,0,0,0,0,1
T1_CG44.bre.gd,T1_CG44,204406611,1531055,204423382,1531210,203813462,1526476,5,3,2,0,0,0,0,0,0,0,3773875,3704725,0,2,0,0,0,1
T1_CG45.bre.gd,T1_CG45,213341514,1594696,213354509,1594818,212743265,1590056,3,1,2,0,0,0,0,0,0,0,3773875,3706145,0,0,0,0,0,1
T1_CG46.bre.gd,T1_CG46,273391171,2035480,273409187,2035646,272597685,2029223,4,1,3,0,0,0,0,0,0,0,3773875,3709308,0,0,0,0,0,1
T1_CG47.bre.gd,T1_CG47,286573288,2126925,286594068,2127116,285840928,2121211,4,1,3,0,0,0,0,0,0,0,3773875,3709065,0,0,0,0,0,1
T1_CG48.bre.gd,T1_CG48,266172208,1962095,266191533,1962276,265360347,1955680,4,1,3,0,0,0,0,0,0,0,3773875,3709019,0,0,0,0,0,1
T1_CG4.bre.gd,T1_CG4,202859081,1498720,202873602,1498856,202325460,1494639,4,2,2,0,0,0,0,0,0,0,3773875,3705524,1,0,0,0,0,1
T1_CG5.bre.gd,T1_CG5,226562900,1703251,226585489,1703466,225633356,1695744,7,5,2,0,0,0,0,0,0,0,3773875,3707608,2,2,0,0,0,1
T1_CG6.bre.gd,T1_CG6,199920363,1471947,199934289,1472068,199361894,1467582,4,1,3,0,0,0,0,0,0,0,3773875,3706132,0,0,0,0,0,1
T1_CG7.bre.gd,T1_CG7,221280251,1641908,221296567,1642054,220793659,1638127,3,1,2,0,0,0,0,0,0,0,3773875,3708242,0,0,0,0,0,1
T1_CG8.bre.gd,T1_CG8,215013110,1591006,215029134,1591152,214317808,1585537,4,2,2,0,0,0,0,0,0,0,3773875,3704005,1,0,0,0,0,1
T1_CG9.bre.gd,T1_CG9,317106451,2363765,317130108,2363978,315970634,2354762,5,2,3,0,0,0,0,0,0,0,3773875,3709912,0,1,0,0,0,1
T1_LE11.bre.gd,T1_LE11,230989591,1724910,231003284,1725036,230383644,1720232,8,6,2,0,0,0,0,0,0,0,3773875,3707902,1,2,0,0,0,3
T1_LE12.bre.gd,T1_LE12,203453226,1514922,203465401,1515040,202803318,1509569,8,6,2,0,0,0,0,0,0,0,3773875,3706172,1,2,0,0,0,3
T1_LE13.bre.gd,T1_LE13,252831088,1888582,252847331,1888730,252036028,1882140,7,3,4,0,0,0,0,0,0,0,3773875,3708759,0,0,1,0,0,2
T1_LE14.bre.gd,T1_LE14,251150209,1867005,251166857,1867160,250459837,1861652,10,6,4,0,0,0,0,0,0,0,3773875,3708250,1,2,2,0,0,1
T1_LE15.bre.gd,T1_LE15,278089550,2066708,278106631,2066874,277476647,2061927,11,3,8,0,0,0,0,0,0,0,3773875,3709583,1,0,0,0,0,2
T1_LE16.bre.gd,T1_LE16,218699298,1628491,218714035,1628630,218136599,1624082,10,3,7,0,0,0,0,0,0,0,3773875,3708314,1,0,0,0,0,2
T1_LE17.bre.gd,T1_LE17,126710797,960763,126725898,960898,126339366,957865,11,8,3,0,0,0,0,0,0,0,3773875,3694323,0,5,1,0,0,2
T1_LE18.bre.gd,T1_LE18,167860457,1259568,167874754,1259700,167315219,1255162,8,4,4,0,0,0,0,0,0,0,3773875,3703682,0,3,0,0,0,1
T1_LE19.bre.gd,T1_LE19,243823013,1815120,243836558,1815248,243010053,1808564,9,6,3,0,0,0,0,0,0,0,3773875,3708332,1,3,0,0,0,2
T1_LE1.bre.gd,T1_LE1,254922303,1901680,254941701,1901856,254258922,1896536,6,2,4,0,0,0,0,0,0,0,3773875,3708613,0,0,0,0,0,2
T1_LE20.bre.gd,T1_LE20,204420558,1512477,204433711,1512592,203597890,1505678,8,6,2,0,0,0,0,0,0,0,3773875,3706809,1,3,0,0,0,2
T1_LE21.bre.gd,T1_LE21,232615761,1711413,232629930,1711544,231376711,1701034,4,1,3,0,0,0,0,0,0,0,3773875,3708067,0,0,0,0,0,1
T1_LE22.bre.gd,T1_LE22,280376807,2083577,280395920,2083754,279532307,2076936,4,1,3,0,0,0,0,0,0,0,3773875,3709411,0,0,0,0,0,1
T1_LE23.bre.gd,T1_LE23,215714482,1598623,215730049,1598768,214939863,1592369,7,5,2,0,0,0,0,0,0,0,3773875,3707851,1,2,0,0,0,2
T1_LE24.bre.gd,T1_LE24,128790320,973878,128800835,973976,128570533,972223,7,3,4,0,0,0,0,0,0,0,3773875,3696015,1,0,0,0,0,2
T1_LE25.bre.gd,T1_LE25,276960773,2050370,276983633,2050582,276151839,2043978,7,4,3,0,0,0,0,0,0,0,3773875,3709384,0,3,0,0,0,1
T1_LE26.bre.gd,T1_LE26,288330327,2121102,288348024,2121268,287632711,2115696,9,3,5,1,0,0,0,0,0,0,3773875,3709751,0,1,0,0,0,2
T1_LE27.bre.gd,T1_LE27,238625150,1766386,238641689,1766540,238025397,1761637,6,3,3,0,0,0,0,0,0,0,3773875,3709197,0,0,1,0,0,2
T1_LE28.bre.gd,T1_LE28,179746907,1310564,179759062,1310672,179270120,1306714,7,3,4,0,0,0,0,0,0,0,3773875,3706696,0,0,1,0,0,2
T1_LE29.bre.gd,T1_LE29,226869030,1679467,226883974,1679606,226206077,1674255,9,5,4,0,0,0,0,0,0,0,3773875,3707530,0,3,0,0,0,2
T1_LE2.bre.gd,T1_LE2,296505327,2194684,296523477,2194860,295585325,2187411,9,3,6,0,0,0,0,0,0,0,3773875,3709785,1,1,0,0,0,1
T1_LE30.bre.gd,T1_LE30,291726713,2162392,291749292,2162602,290917668,2156044,8,3,5,0,0,0,0,0,0,0,3773875,3709863,0,2,0,0,0,1
T1_LE31.bre.gd,T1_LE31,190193432,1416263,190204942,1416374,189615793,1411687,13,10,3,0,0,0,0,0,0,0,3773875,3701766,1,8,0,0,0,1
T1_LE32.bre.gd,T1_LE32,219963119,1624290,219980502,1624440,219209314,1618168,14,10,4,0,0,0,0,0,0,0,3773875,3708528,1,8,0,0,0,1
T1_LE33.bre.gd,T1_LE33,168969797,1272879,168985097,1273022,168451150,1268703,7,4,3,0,0,0,0,0,0,0,3773875,3704481,0,3,0,0,0,1
T1_LE34.bre.gd,T1_LE34,144520226,1053559,144530064,1053648,144198171,1050982,7,4,3,0,0,0,0,0,0,0,3773875,3703359,0,3,0,0,0,1
T1_LE35.bre.gd,T1_LE35,200825976,1492234,200841810,1492380,200362598,1488613,7,3,4,0,0,0,0,0,0,0,3773875,3706800,0,2,0,0,0,1
T1_LE36.bre.gd,T1_LE36,220228755,1647456,220245791,1647612,219525355,1641751,7,4,3,0,0,0,0,0,0,0,3773875,3707192,0,2,0,0,0,2
T1_LE37.bre.gd,T1_LE37,207395621,1530602,207409130,1530724,206812491,1525995,11,5,6,0,0,0,0,0,0,0,3773875,3707478,1,2,0,0,0,2
T1_LE38.bre.gd,T1_LE38,191222846,1424455,191240913,1424624,190627201,1419743,9,5,4,0,0,0,0,0,0,0,3773875,3707188,1,2,0,0,0,2
T1_LE39.bre.gd,T1_LE39,242707867,1791036,242726427,1791206,242002355,1785408,9,5,4,0,0,0,0,0,0,0,3773875,3708447,0,3,0,0,0,2
T1_LE3.bre.gd,T1_LE3,264357055,1953389,264373811,1953548,263657556,1947844,8,4,4,0,0,0,0,0,0,0,3773875,3709210,1,2,0,0,0,1
T1_LE40.bre.gd,T1_LE40,242357959,1797728,242371604,1797850,241631195,1791964,14,7,7,0,0,0,0,0,0,0,3773875,3707822,3,2,0,0,0,2
T1_LE41.bre.gd,T1_LE41,158813316,1166496,158823586,1166590,158473904,1163814,10,6,4,0,0,0,0,0,0,0,3773875,3704671,0,3,0,0,0,3
T1_LE42.bre.gd,T1_LE42,153625160,1131940,153635210,1132036,153216482,1128685,9,6,3,0,0,0,0,0,0,0,3773875,3704023,0,3,0,0,0,3
T1_LE43.bre.gd,T1_LE43,114993073,852266,114999151,852318,114552186,848832,10,5,5,0,0,0,0,0,0,0,3773875,3687529,1,3,0,0,0,1
T1_LE44.bre.gd,T1_LE44,187816294,1386192,187826439,1386288,187333703,1382367,12,7,5,0,0,0,0,0,0,0,3773875,3706005,0,5,0,0,0,2
T1_LE45.bre.gd,T1_LE45,181743369,1348091,181756541,1348214,181269374,1344253,7,5,2,0,0,0,0,0,0,0,3773875,3706430,1,3,0,0,0,1
T1_LE46.bre.gd,T1_LE46,162988112,1214458,163002059,1214588,162594130,1211339,9,5,4,0,0,0,0,0,0,0,3773875,3705264,1,3,0,0,0,1
T1_LE47.bre.gd,T1_LE47,219355620,1638578,219371387,1638722,218655352,1632873,14,9,5,0,0,0,0,0,0,0,3773875,3707674,1,7,0,0,0,1
T1_LE48.bre.gd,T1_LE48,241022892,1782758,241038298,1782896,240360097,1777425,11,6,5,0,0,0,0,0,0,0,3773875,3708552,1,3,1,0,0,1
T1_LE49.bre.gd,T1_LE49,286455957,2125848,286474352,2126026,285555521,2118727,11,7,3,1,0,0,0,0,0,0,3773875,3709796,3,3,0,0,0,1
T1_LE4.bre.gd,T1_LE4,251029772,1858190,251046381,1858344,250216093,1851785,7,3,4,0,0,0,0,0,0,0,3773875,3708954,1,1,0,0,0,1
T1_LE50.bre.gd,T1_LE50,284468512,2116708,284488010,2116892,283535147,2109305,11,7,3,1,0,0,0,0,0,0,3773875,3709087,3,3,0,0,0,1
T1_LE51.bre.gd,T1_LE51,212580515,1574564,212597094,1574714,212010153,1570170,7,3,4,0,0,0,0,0,0,0,3773875,3704021,1,1,0,0,0,1
T1_LE53.bre.gd,T1_LE53,302766194,2254881,302790987,2255108,301733454,2246680,10,6,4,0,0,0,0,0,0,0,3773875,3709648,3,2,0,0,0,1
T1_LE54.bre.gd,T1_LE54,195815485,1470348,195828586,1470472,195265387,1466134,10,7,3,0,0,0,0,0,0,0,3773875,3704583,3,3,0,0,0,1
T1_LE55.bre.gd,T1_LE55,261949195,1950410,261964436,1950556,261390364,1946091,11,7,4,0,0,0,0,0,0,0,3773875,3709065,1,5,0,0,0,1
T1_LE56.bre.gd,T1_LE56,278733229,2067097,278747108,2067226,277929546,2060891,13,7,6,0,0,0,0,0,0,0,3773875,3708966,2,4,0,0,0,1
T1_LE57.bre.gd,T1_LE57,241817194,1803466,241836356,1803646,241037876,1797250,11,5,6,0,0,0,0,0,0,0,3773875,3709036,0,1,0,0,0,4
T1_LE58.bre.gd,T1_LE58,219489441,1639467,219504860,1639606,218861406,1634628,14,6,8,0,0,0,0,0,0,0,3773875,3706358,0,1,0,0,0,5
T1_LE59.bre.gd,T1_LE59,180209136,1340981,180224147,1341122,179629489,1336348,13,8,5,0,0,0,0,0,0,0,3773875,3705257,1,2,0,0,0,5
T1_LE5.bre.gd,T1_LE5,189397703,1383760,189410800,1383878,188912385,1379910,12,5,6,1,0,0,0,0,0,0,3773875,3704370,1,3,0,0,0,1
T1_LE60.bre.gd,T1_LE60,248076087,1852884,248099113,1853100,247398505,1847574,13,7,6,0,0,0,0,0,0,0,3773875,3707579,0,2,0,0,0,5
T1_LE61.bre.gd,T1_LE61,308151880,2290881,308173821,2291092,307121605,2282815,7,5,2,0,0,0,0,0,0,0,3773875,3709910,0,4,0,0,0,1
T1_LE62.bre.gd,T1_LE62,220676513,1636533,220691379,1636670,220044149,1631650,7,5,2,0,0,0,0,0,0,0,3773875,3705415,0,4,0,0,0,1
T1_LE63.bre.gd,T1_LE63,190754609,1430214,190766577,1430324,190218134,1426080,11,7,4,0,0,0,0,0,0,0,3773875,3702736,2,4,0,0,0,1
T1_LE64.bre.gd,T1_LE64,256641166,1924304,256659744,1924472,255936183,1918780,8,6,2,0,0,0,0,0,0,0,3773875,3708304,1,4,0,0,0,1
T1_LE6.bre.gd,T1_LE6,259291913,1939519,259310695,1939698,258542021,1933532,10,6,4,0,0,0,0,0,0,0,3773875,3709279,2,3,0,0,0,1
T1_LE7.bre.gd,T1_LE7,265754708,1962050,265774483,1962238,264816872,1954390,7,3,4,0,0,0,0,0,0,0,3773875,3709542,0,2,0,0,0,1
T1_LE8.bre.gd,T1_LE8,240642988,1790108,240664313,1790298,240075695,1785679,7,3,4,0,0,0,0,0,0,0,3773875,3708963,0,2,0,0,0,1
T1_WG10.bre.gd,T1_WG10,147895857,1131800,147911629,1131942,147636214,1129911,4,1,3,0,0,0,0,0,0,0,3773875,3698822,0,0,0,0,0,1
T1_WG11.bre.gd,T1_WG11,178145476,1367368,178165760,1367556,177688334,1363748,3,1,2,0,0,0,0,0,0,0,3773875,3703186,0,0,0,0,0,1
T1_WG12.bre.gd,T1_WG12,219254641,1625270,219267879,1625392,218812224,1621862,5,2,3,0,0,0,0,0,0,0,3773875,3708178,0,1,0,0,0,1
T1_WG13.bre.gd,T1_WG13,191148306,1428956,191165972,1429120,190730543,1425696,4,1,3,0,0,0,0,0,0,0,3773875,3706452,0,0,0,0,0,1
T1_WG14.bre.gd,T1_WG14,132340569,997918,132354642,998048,132075133,995897,4,2,2,0,0,0,0,0,0,0,3773875,3698742,0,1,0,0,0,1
T1_WG15.bre.gd,T1_WG15,202660265,1521533,202676947,1521680,202039246,1516602,3,1,2,0,0,0,0,0,0,0,3773875,3698279,0,0,0,0,0,1
T1_WG16.bre.gd,T1_WG16,176003045,1310935,176015289,1311048,175541091,1307297,3,1,2,0,0,0,0,0,0,0,3773875,3700433,0,0,0,0,0,1
T1_WG17.bre.gd,T1_WG17,259621440,1929928,259639996,1930096,258957050,1924736,4,1,3,0,0,0,0,0,0,0,3773875,3708458,0,0,0,0,0,1
T1_WG18.bre.gd,T1_WG18,37613071,314808,37623153,314896,37386617,313068,2,1,1,0,0,0,0,0,0,0,3773875,2868018,0,0,0,0,0,1
T1_WG19.bre.gd,T1_WG19,310310344,2307017,310335714,2307246,309125695,2297518,3,1,2,0,0,0,0,0,0,0,3773875,3710373,0,0,0,0,0,1
T1_WG1.bre.gd,T1_WG1,241393359,1799144,241412312,1799318,240593148,1792778,7,2,5,0,0,0,0,0,0,0,3773875,3707166,0,0,0,0,0,2
T1_WG20.bre.gd,T1_WG20,199102166,1482998,199120190,1483166,198660627,1479538,3,1,2,0,0,0,0,0,0,0,3773875,3706743,0,0,0,0,0,1
T1_WG21.bre.gd,T1_WG21,185081439,1385511,185099129,1385668,184526805,1381069,3,1,2,0,0,0,0,0,0,0,3773875,3706454,0,0,0,0,0,1
T1_WG22.bre.gd,T1_WG22,213659033,1587546,213675577,1587706,213194814,1583971,5,1,3,1,0,0,0,0,0,0,3773875,3706123,0,0,0,0,0,1
T1_WG23.bre.gd,T1_WG23,198665273,1481140,198683613,1481316,198117202,1476813,5,3,2,0,0,0,0,0,0,0,3773875,3707073,0,2,0,0,0,1
T1_WG24.bre.gd,T1_WG24,270990505,2001999,271014627,2002220,270307210,1996644,3,1,2,0,0,0,0,0,0,0,3773875,3708887,0,0,0,0,0,1
T1_WG25.bre.gd,T1_WG25,221983621,1647524,221998862,1647666,221299218,1642178,4,2,2,0,0,0,0,0,0,0,3773875,3706888,0,1,0,0,0,1
T1_WG26.bre.gd,T1_WG26,279307910,2067044,279328263,2067238,278444204,2060278,3,1,2,0,0,0,0,0,0,0,3773875,3709339,0,0,0,0,0,1
T1_WG27.bre.gd,T1_WG27,277569904,2047782,277583755,2047912,276792291,2041655,3,1,2,0,0,0,0,0,0,0,3773875,3709574,0,0,0,0,0,1
T1_WG28.bre.gd,T1_WG28,306491265,2286667,306521056,2286948,305625673,2279850,3,1,2,0,0,0,0,0,0,0,3773875,3709662,0,0,0,0,0,1
T1_WG2.bre.gd,T1_WG2,206791260,1533418,206805108,1533548,206154663,1528437,4,1,3,0,0,0,0,0,0,0,3773875,3702943,0,0,0,0,0,1
T1_WG30.bre.gd,T1_WG30,231499280,1720108,231517457,1720274,230957471,1715806,4,1,3,0,0,0,0,0,0,0,3773875,3708720,0,0,0,0,0,1
T1_WG31.bre.gd,T1_WG31,233290646,1739071,233305000,1739204,232597788,1733714,3,1,2,0,0,0,0,0,0,0,3773875,3707156,0,0,0,0,0,1
T1_WG32.bre.gd,T1_WG32,194446657,1466958,194461300,1467098,193880818,1462527,4,1,3,0,0,0,0,0,0,0,3773875,3705007,0,0,0,0,0,1
T1_WG33.bre.gd,T1_WG33,260536029,1956748,260561792,1956990,259782317,1950715,5,2,3,0,0,0,0,0,0,0,3773875,3709540,0,0,0,0,0,2
T1_WG34.bre.gd,T1_WG34,257330947,1924519,257348364,1924688,256700956,1919544,4,2,2,0,0,0,0,0,0,0,3773875,3709307,0,1,0,0,0,1
T1_WG35.bre.gd,T1_WG35,76535631,589818,76543060,589884,76359861,588656,4,2,2,0,0,0,0,0,0,0,3773875,3615549,1,0,0,0,0,1
T1_WG36.bre.gd,T1_WG36,272516669,2019170,272540429,2019386,271671587,2012535,5,2,3,0,0,0,0,0,0,0,3773875,3709091,0,1,0,0,0,1
T1_WG37.bre.gd,T1_WG37,214738398,1610314,214755039,1610474,214141369,1605616,4,2,2,0,0,0,0,0,0,0,3773875,3707984,1,0,0,0,0,1
T1_WG38.bre.gd,T1_WG38,190863352,1407852,190879723,1407996,190297154,1403400,4,2,2,0,0,0,0,0,0,0,3773875,3706858,0,1,0,0,0,1
T1_WG39.bre.gd,T1_WG39,263747009,1965501,263761509,1965638,262950026,1959235,4,1,3,0,0,0,0,0,0,0,3773875,3707994,0,0,0,0,0,1
T1_WG3.bre.gd,T1_WG3,237929750,1775899,237947164,1776066,237186371,1769990,4,1,3,0,0,0,0,0,0,0,3773875,3707016,0,0,0,0,0,1
T1_WG40.bre.gd,T1_WG40,159293249,1187369,159305601,1187484,158896699,1184264,6,3,3,0,0,0,0,0,0,0,3773875,3704897,1,0,0,0,0,2
T1_WG41.bre.gd,T1_WG41,203479367,1516415,203491290,1516526,202742324,1510585,4,1,3,0,0,0,0,0,0,0,3773875,3702957,0,0,0,0,0,1
T1_WG42.bre.gd,T1_WG42,271585123,2015063,271604572,2015244,270782044,2008723,4,2,2,0,0,0,0,0,0,0,3773875,3709320,0,1,0,0,0,1
T1_WG44.bre.gd,T1_WG44,307725232,2292741,307747171,2292938,306861306,2285962,5,2,3,0,0,0,0,0,0,0,3773875,3709340,0,1,0,0,0,1
T1_WG45.bre.gd,T1_WG45,194579858,1460010,194590363,1460112,194062154,1456015,7,3,4,0,0,0,0,0,0,0,3773875,3706180,2,0,0,0,0,1
T1_WG46.bre.gd,T1_WG46,312352087,2321953,312373549,2322158,311517682,2315373,7,3,4,0,0,0,0,0,0,0,3773875,3709670,1,1,0,0,0,1
T1_WG47.bre.gd,T1_WG47,182103102,1375940,182116025,1376062,181632735,1372326,4,1,3,0,0,0,0,0,0,0,3773875,3704332,0,0,0,0,0,1
T1_WG48.bre.gd,T1_WG48,239390885,1789221,239410200,1789392,238714144,1783934,5,3,2,0,0,0,0,0,0,0,3773875,3706974,0,2,0,0,0,1
T1_WG4.bre.gd,T1_WG4,169866813,1237649,169877662,1237744,169604370,1235681,4,1,3,0,0,0,0,0,0,0,3773875,3705069,0,0,0,0,0,1
T1_WG6.bre.gd,T1_WG6,269863147,2007870,269882315,2008048,268994488,2001065,8,4,4,0,0,0,0,0,0,0,3773875,3709554,0,1,0,0,0,3
T1_WG7.bre.gd,T1_WG7,183783681,1373255,183800134,1373408,183227478,1368807,7,3,4,0,0,0,0,0,0,0,3773875,3706654,1,1,0,0,0,1
T1_WG8.bre.gd,T1_WG8,278263660,2072142,278291142,2072390,277346228,2064914,3,1,2,0,0,0,0,0,0,0,3773875,3709319,0,0,0,0,0,1
T2_CG01.bre.gd,T2_CG01,1199600124,9771503,1200801226,9781226,1187881371,9676548,6,1,5,0,0,0,0,0,0,0,3773875,3712286,0,0,0,0,0,1
T2_CG02.bre.gd,T2_CG02,1019700673,8320483,1020576933,8327590,1015533942,8289406,3,1,2,0,0,0,0,0,0,0,3773875,3712252,0,0,0,0,0,1
T2_CG03.bre.gd,T2_CG03,94649057,759820,94725837,760434,93200914,748036,5,3,2,0,0,0,0,0,0,0,3773875,3655050,0,1,0,0,0,2
T2_CG04.bre.gd,T2_CG04,1152796520,9531123,1153786693,9539122,1143783125,9459636,6,3,3,0,0,0,0,0,0,0,3773875,3712354,0,2,0,0,0,1
T2_CG05.bre.gd,T2_CG05,46189917,369642,46226674,369936,45133200,361066,3,1,2,0,0,0,0,0,0,0,3773875,3284260,0,0,0,0,0,1
T2_CG06.bre.gd,T2_CG06,54057332,434403,54106719,434798,51262268,412156,3,1,2,0,0,0,0,0,0,0,3773875,3445157,0,0,0,0,0,1
T2_CG07.bre.gd,T2_CG07,987543533,8063142,988368480,8069752,976282304,7971751,5,2,3,0,0,0,0,0,0,0,3773875,3712051,0,1,0,0,0,1
T2_CG08.bre.gd,T2_CG08,1640507873,13414307,1641897999,13425476,1622913610,13271495,4,2,2,0,0,0,0,0,0,0,3773875,3712479,0,1,0,0,0,1
T2_CG09.bre.gd,T2_CG09,1814053540,14945836,1815644007,14958706,1803007964,14859647,4,1,3,0,0,0,0,0,0,0,3773875,3712568,0,0,0,0,0,1
T2_CG10.bre.gd,T2_CG10,2623227392,22101979,2625255135,22118452,2610975758,22006864,5,2,3,0,0,0,0,0,0,0,3773875,3712798,0,1,0,0,0,1
T2_CG11.bre.gd,T2_CG11,500619406,4098046,501047744,4101498,497713890,4075593,6,3,3,0,0,0,0,0,0,0,3773875,3711473,0,1,0,0,0,2
T2_CG12.bre.gd,T2_CG12,627943442,5209979,628523567,5214694,621915359,5161334,4,2,2,0,0,0,0,0,0,0,3773875,3711695,1,0,0,0,0,1
T2_CG19.bre.gd,T2_CG19,765855357,6228164,766988372,6237518,760704508,6187444,3,1,2,0,0,0,0,0,0,0,3773875,3711953,0,0,0,0,0,1
T2_CG20.bre.gd,T2_CG20,109221557,870371,109311661,871092,107836364,859561,3,1,2,0,0,0,0,0,0,0,3773875,3672969,0,0,0,0,0,1
T2_CG21.bre.gd,T2_CG21,179762320,1441652,179899887,1442744,178181769,1429182,3,1,2,0,0,0,0,0,0,0,3773875,3702672,0,0,0,0,0,1
T2_CG22.bre.gd,T2_CG22,778655071,6588869,779276001,6593926,772791203,6541560,6,2,4,0,0,0,0,0,0,0,3773875,3711904,1,0,0,0,0,1
T2_CG23.bre.gd,T2_CG23,1190283620,9504701,1190978923,9510342,412792722,3343121,131,93,38,0,0,0,0,0,0,0,3773875,3711760,1,0,0,90,0,2
T2_CG24.bre.gd,T2_CG24,694569603,5967785,694797010,5969692,690824180,5937864,3,1,2,0,0,0,0,0,0,0,3773875,3709557,0,0,0,0,0,1
T2_CG26.bre.gd,T2_CG26,1748767911,14614750,1750284541,14627092,1737022206,14520030,6,3,3,0,0,0,0,0,0,0,3773875,3712555,0,2,0,0,0,1
T2_CG27.bre.gd,T2_CG27,220439547,1767979,220637220,1769558,217372196,1743496,4,1,3,0,0,0,0,0,0,0,3773875,3706440,0,0,0,0,0,1
T2_CG28.bre.gd,T2_CG28,1186170133,9740830,1187269552,9749678,1176546720,9663141,4,2,2,0,0,0,0,0,0,0,3773875,3712404,1,0,0,0,0,1
T2_CG29.bre.gd,T2_CG29,1472927780,12077868,1474250633,12088548,1464479473,12012091,7,1,6,0,0,0,0,0,0,0,3773875,3712432,0,0,0,0,0,1
T2_CG30.bre.gd,T2_CG30,88577690,709315,88650376,709902,87218279,698407,3,1,2,0,0,0,0,0,0,0,3773875,3632528,0,0,0,0,0,1
T2_CG31.bre.gd,T2_CG31,135751855,1083991,135862852,1084882,134127630,1071277,5,2,3,0,0,0,0,0,0,0,3773875,3692331,1,0,0,0,0,1
T2_CG32.bre.gd,T2_CG32,1631091915,13520598,1632498277,13531974,1622011596,13449507,6,2,4,0,0,0,0,0,0,0,3773875,3712436,0,0,1,0,0,1
T2_CG33.bre.gd,T2_CG33,670294680,5603855,670910086,5608834,666148161,5571012,3,1,2,0,0,0,0,0,0,0,3773875,3711910,0,0,0,0,0,1
T2_CG34.bre.gd,T2_CG34,217872657,1746910,218062175,1748410,216012372,1732163,5,1,4,0,0,0,0,0,0,0,3773875,3706760,0,0,0,0,0,1
T2_CG35.bre.gd,T2_CG35,913688795,7664642,914470378,7671008,790206615,6642568,39,21,18,0,0,0,0,0,0,0,3773875,3712456,0,0,0,20,0,1
T2_CG36.bre.gd,T2_CG36,424640287,3498912,425137146,3502982,377356875,3113257,43,31,12,0,0,0,0,0,0,0,3773875,3710824,1,0,0,29,0,1
T2_CG37.bre.gd,T2_CG37,277131145,2265331,277313759,2266810,274157563,2241344,3,1,2,0,0,0,0,0,0,0,3773875,3708350,0,0,0,0,0,1
T2_CG38.bre.gd,T2_CG38,468180195,3924440,468564754,3927558,464128923,3891209,4,1,3,0,0,0,0,0,0,0,3773875,3711107,0,0,0,0,0,1
T2_CG39.bre.gd,T2_CG39,1929629203,16046679,1931281070,16060054,1911268468,15897252,7,4,3,0,0,0,0,0,0,0,3773875,3712577,1,2,0,0,0,1
T2_CG40.bre.gd,T2_CG40,45685421,366995,45717996,367256,44285327,355727,3,1,2,0,0,0,0,0,0,0,3773875,3228256,0,0,0,0,0,1
T2_CG41.bre.gd,T2_CG41,1581618886,13215335,1582134773,13219566,672908695,5649642,91,65,26,0,0,0,0,0,0,0,3773875,3711869,0,0,0,64,0,1
T2_CG42.bre.gd,T2_CG42,1195133170,9747447,1195998341,9754376,1185080961,9668519,4,1,3,0,0,0,0,0,0,0,3773875,3712309,0,0,0,0,0,1
T2_CG43.bre.gd,T2_CG43,290005793,2294727,290148522,2295868,38511286,308837,72,45,27,0,0,0,0,0,0,0,3773875,3048406,0,0,0,44,0,1
T2_CG44.bre.gd,T2_CG44,1725665102,14169838,1727117919,14181498,1703639440,13990641,5,1,4,0,0,0,0,0,0,0,3773875,3712491,0,0,0,0,0,1
T2_CG46.bre.gd,T2_CG46,1179107592,9699412,1180120985,9707584,1171057947,9635801,4,1,3,0,0,0,0,0,0,0,3773875,3712355,0,0,0,0,0,1
T2_CG47.bre.gd,T2_CG47,1556193166,13212838,1556652675,13216690,944481430,8067715,136,84,52,0,0,0,0,0,0,0,3773875,3713360,0,0,0,83,0,1
T2_CG48.bre.gd,T2_CG48,141745826,1136709,141838284,1137452,139645692,1119738,5,3,2,0,0,0,0,0,0,0,3773875,3688477,0,2,0,0,0,1
T2_WG01.bre.gd,T2_WG01,282375975,2280257,282781317,2283572,279710837,2259328,5,2,3,0,0,0,0,0,0,0,3773875,3709173,0,1,0,0,0,1
T2_WG02.bre.gd,T2_WG02,1069895537,8726597,1070853796,8734320,1019814157,8323873,6,2,4,0,0,0,0,0,0,0,3773875,3712230,0,1,0,0,0,1
T2_WG03.bre.gd,T2_WG03,787678454,6319927,788460409,6326204,780950949,6267419,4,1,3,0,0,0,0,0,0,0,3773875,3712038,0,0,0,0,0,1
T2_WG04.bre.gd,T2_WG04,1430624161,11747520,1431640209,11755712,1419289555,11656069,4,1,3,0,0,0,0,0,0,0,3773875,3712416,0,0,0,0,0,1
T2_WG05.bre.gd,T2_WG05,639573280,5120775,640156926,5125436,611221848,4898897,3,1,2,0,0,0,0,0,0,0,3773875,3711640,0,0,0,0,0,1
T2_WG06.bre.gd,T2_WG06,1704949808,14188471,1706261293,14199104,1373982634,11476891,76,54,22,0,0,0,0,0,0,0,3773875,3713267,0,0,0,53,0,1
T2_WG07.bre.gd,T2_WG07,2413737229,20246436,2415003749,20256696,2397765724,20117389,4,2,2,0,0,0,0,0,0,0,3773875,3712591,0,1,0,0,0,1
T2_WG08.bre.gd,T2_WG08,784188547,6362585,784743956,6367036,781290525,6341021,5,2,3,0,0,0,0,0,0,0,3773875,3712083,0,1,0,0,0,1
T2_WG09.bre.gd,T2_WG09,2890170814,24372247,2892079703,24387852,2873991194,24243710,4,2,2,0,0,0,0,0,0,0,3773875,3712703,0,1,0,0,0,1
T2_WG10.bre.gd,T2_WG10,1830328849,15397470,1831741659,15408788,1757279854,14799433,6,2,4,0,0,0,0,0,0,0,3773875,3712449,0,1,0,0,0,1
T2_WG11.bre.gd,T2_WG11,2409241558,20507040,2411339541,20524180,2394503502,20388616,4,1,3,0,0,0,0,0,0,0,3773875,3712731,0,0,0,0,0,1
T2_WG12.bre.gd,T2_WG12,127387987,1018667,127495838,1019532,125946716,1007251,3,1,2,0,0,0,0,0,0,0,3773875,3691217,0,0,0,0,0,1
T2_WG13.bre.gd,T2_WG13,898688952,7371010,899306087,7375988,892508107,7321873,7,3,4,0,0,0,0,0,0,0,3773875,3712173,1,1,0,0,0,1
T2_WG14.bre.gd,T2_WG14,2523881900,21021746,2525519166,21035010,2513552891,20943260,7,3,4,0,0,0,0,0,0,0,3773875,3712745,1,1,0,0,0,1
T2_WG15.bre.gd,T2_WG15,2070932301,17287763,2072664690,17301804,2058281068,17187874,3,1,2,0,0,0,0,0,0,0,3773875,3712620,0,0,0,0,0,1
T2_WG16.bre.gd,T2_WG16,1318576203,10685356,1319731976,10694660,1312700702,10641320,3,1,2,0,0,0,0,0,0,0,3773875,3712401,0,0,0,0,0,1
T2_WG17.bre.gd,T2_WG17,2978602257,24896455,2980975283,24915790,2966858504,24807046,5,3,2,0,0,0,0,0,0,0,3773875,3712723,1,1,0,0,0,1
T2_WG18.bre.gd,T2_WG18,958235499,8025595,959154715,8033018,952827135,7982797,5,3,2,0,0,0,0,0,0,0,3773875,3712019,1,1,0,0,0,1
T2_WG19.bre.gd,T2_WG19,1680833739,14202510,1682064934,14212608,1675617119,14163772,4,1,3,0,0,0,0,0,0,0,3773875,3712565,0,0,0,0,0,1
T2_WG20.bre.gd,T2_WG20,5116530807,42688287,5122183307,42735202,5099097022,42557361,5,1,4,0,0,0,0,0,0,0,3773875,3713007,0,0,0,0,0,1
T2_WG21.bre.gd,T2_WG21,430709165,3519729,431094690,3522828,427933998,3497838,4,2,2,0,0,0,0,0,0,0,3773875,3711081,1,0,0,0,0,1
T2_WG22.bre.gd,T2_WG22,190286702,1536817,190444126,1538080,188446336,1522182,3,1,2,0,0,0,0,0,0,0,3773875,3705338,0,0,0,0,0,1
T2_WG23.bre.gd,T2_WG23,8467498,70166,8476041,70238,6944002,57519,1,0,0,1,0,0,0,0,0,0,3773875,3773875,0,0,0,0,0,0
T2_WG24.bre.gd,T2_WG24,3312544350,27966571,3314986672,27986416,3301044140,27879849,7,2,5,0,0,0,0,0,0,0,3773875,3712838,0,1,0,0,0,1
T2_WG25.bre.gd,T2_WG25,1315834328,10821042,1317025935,10830702,1268154877,10434973,5,2,3,0,0,0,0,0,0,0,3773875,3712474,0,1,0,0,0,1
T2_WG26.bre.gd,T2_WG26,615511197,4916810,616076280,4921318,565160704,4522341,4,2,2,0,0,0,0,0,0,0,3773875,3711199,0,1,0,0,0,1
T2_WG27.bre.gd,T2_WG27,2385569857,19973567,2387179107,19986708,1755719856,14774255,132,89,43,0,0,0,0,0,0,0,3773875,3713853,0,1,0,87,0,1
T2_WG29.bre.gd,T2_WG29,996511069,8096756,997399584,8103862,984142816,7996335,3,1,2,0,0,0,0,0,0,0,3773875,3712203,0,0,0,0,0,1
T2_WG30.bre.gd,T2_WG30,2268563935,18999622,2270444210,19014830,2253913888,18882834,3,1,2,0,0,0,0,0,0,0,3773875,3712671,0,0,0,0,0,1
T2_WG31.bre.gd,T2_WG31,2305748769,19196609,2307539531,19211206,2291958008,19088243,5,3,2,0,0,0,0,0,0,0,3773875,3712612,0,1,0,0,0,2
T2_WG32.bre.gd,T2_WG32,323370659,2585180,323647333,2587386,320952824,2566469,5,2,3,0,0,0,0,0,0,0,3773875,3709307,0,0,0,0,0,2
T2_WG33.bre.gd,T2_WG33,2305802229,18568676,2307970563,18586018,2295895583,18494490,5,2,3,0,0,0,0,0,0,0,3773875,3712741,0,1,0,0,0,1
T2_WG34.bre.gd,T2_WG34,1925809473,15979229,1926809418,15987396,774781016,6487935,158,104,54,0,0,0,0,0,0,0,3773875,3713536,0,0,0,103,0,1
T2_WG35.bre.gd,T2_WG35,109722300,883562,109809117,884260,108482740,873671,8,5,3,0,0,0,0,0,0,0,3773875,3681634,1,3,0,0,0,1
T2_WG36.bre.gd,T2_WG36,2484012559,20811153,2485993206,20827226,2469936731,20699843,4,1,3,0,0,0,0,0,0,0,3773875,3712714,0,0,0,0,0,1
T2_WG37.bre.gd,T2_WG37,139823095,1118274,139913203,1118994,137740589,1101821,5,2,3,0,0,0,0,0,0,0,3773875,3693532,0,1,0,0,0,1
T2_WG38.bre.gd,T2_WG38,1678217464,13800181,1680053712,13815224,1668661912,13725481,6,2,4,0,0,0,0,0,0,0,3773875,3712490,0,1,0,0,0,1
T2_WG39.bre.gd,T2_WG39,2563023425,21872997,2563920705,21880396,2548393742,21754866,4,1,3,0,0,0,0,0,0,0,3773875,3712734,0,0,0,0,0,1
T2_WG40.bre.gd,T2_WG40,914807098,7719924,915046165,7721876,903972681,7626875,4,1,3,0,0,0,0,0,0,0,3773875,3711544,0,0,0,0,0,1
T2_WG41.bre.gd,T2_WG41,1862343878,15957160,1863007942,15962702,1851826839,15871714,4,2,2,0,0,0,0,0,0,0,3773875,3712348,0,1,0,0,0,1
T2_WG42.bre.gd,T2_WG42,1970827327,16737362,1971521830,16743016,1954787533,16604949,4,2,2,0,0,0,0,0,0,0,3773875,3712404,1,0,0,0,0,1
T2_WG43.bre.gd,T2_WG43,1640624115,13643859,1642040274,13655366,1630766972,13565336,5,2,3,0,0,0,0,0,0,0,3773875,3712521,0,1,0,0,0,1
T2_WG44.bre.gd,T2_WG44,1494527778,12414333,1495489295,12422088,1487017599,12355060,5,3,2,0,0,0,0,0,0,0,3773875,3712385,0,1,0,0,0,2
T2_WG45.bre.gd,T2_WG45,2589829993,22215879,2590833290,22224074,2577121626,22112837,3,1,2,0,0,0,0,0,0,0,3773875,3712603,0,0,0,0,0,1
T2_WG46.bre.gd,T2_WG46,780939266,6612394,781625126,6617944,777359376,6584590,5,2,3,0,0,0,0,0,0,0,3773875,3712075,0,1,0,0,0,1
T2_WG47.bre.gd,T2_WG47,3511764403,30178144,3513194528,30190000,3499973116,30084026,4,1,3,0,0,0,0,0,0,0,3773875,3712679,0,0,0,0,0,1
T2_WG48.bre.gd,T2_WG48,544759201,4392870,545214401,4396526,541795222,4370283,4,1,3,0,0,0,0,0,0,0,3773875,3711509,0,0,0,0,0,1
T3_CG01.bre.gd,T3_CG01,1246336149,10456937,1247358991,10465224,1239097419,10399628,5,2,3,0,0,0,0,0,0,0,3773875,3712323,1,0,0,0,0,1
T3_CG02.bre.gd,T3_CG02,260936572,2124726,261152866,2126478,259323143,2112248,6,2,4,0,0,0,0,0,0,0,3773875,3708022,1,0,0,0,0,1
T3_CG03.bre.gd,T3_CG03,622935657,5073331,623411075,5077154,616112543,5018540,5,2,3,0,0,0,0,0,0,0,3773875,3711750,0,1,0,0,0,1
T3_CG04.bre.gd,T3_CG04,1145231205,9315058,1146221070,9323038,1134199772,9227186,4,1,3,0,0,0,0,0,0,0,3773875,3712461,0,0,0,0,0,1
T3_CG05.bre.gd,T3_CG05,311145996,2534228,311394793,2536246,309036898,2517691,3,1,2,0,0,0,0,0,0,0,3773875,3709574,0,0,0,0,0,1
T3_CG06.bre.gd,T3_CG06,341319564,2779462,341605115,2781756,338263209,2755557,5,3,2,0,0,0,0,0,0,0,3773875,3709881,0,2,0,0,0,1
T3_CG07.bre.gd,T3_CG07,640631512,5270864,641120373,5274804,637343228,5245411,6,2,4,0,0,0,0,0,0,0,3773875,3711707,0,1,0,0,0,1
T3_CG08.bre.gd,T3_CG08,110271074,909473,110341681,910048,108248231,892942,6,4,2,0,0,0,0,0,0,0,3773875,3682693,0,2,0,0,0,2
T3_CG09.bre.gd,T3_CG09,339412280,2793887,339659218,2795884,337695621,2780548,8,6,2,0,0,0,0,0,0,0,3773875,3709902,0,3,0,0,0,3
T3_CG10.bre.gd,T3_CG10,1225915615,10065348,1226789213,10072354,1221834996,10034881,4,2,2,0,0,0,0,0,0,0,3773875,3712327,1,0,0,0,0,1
T3_CG11.bre.gd,T3_CG11,266465058,2178606,266664584,2180212,264245338,2160939,4,2,2,0,0,0,0,0,0,0,3773875,3708967,1,0,0,0,0,1
T3_CG16.bre.gd,T3_CG16,814852409,6565540,815429405,6570338,34630395,287826,103,76,27,0,0,0,0,0,0,0,3773875,2785554,2,0,0,73,0,1
T3_CG17.bre.gd,T3_CG17,1107784058,9031809,1108679515,9038992,1095749423,8935566,4,1,3,0,0,0,0,0,0,0,3773875,3712394,0,0,0,0,0,1
T3_CG19.bre.gd,T3_CG19,219017803,1782026,219192796,1783424,207670266,1690774,6,3,3,0,0,0,0,0,0,0,3773875,3706173,0,2,0,0,0,1
T3_CG20.bre.gd,T3_CG20,346143095,2874049,346452018,2876538,342851680,2847469,3,1,2,0,0,0,0,0,0,0,3773875,3710375,0,0,0,0,0,1
T3_CG21.bre.gd,T3_CG21,745418466,6072687,745954998,6076972,710405837,5792162,5,3,2,0,0,0,0,0,0,0,3773875,3711842,0,2,0,0,0,1
T3_CG22.bre.gd,T3_CG22,64454610,536631,64498192,536992,54136002,451286,3,1,2,0,0,0,0,0,0,0,3773875,3432002,0,0,0,0,0,1
T3_CG23.bre.gd,T3_CG23,2452014286,21121485,2452767334,21127646,2444815489,21065940,7,2,5,0,0,0,0,0,0,0,3773875,3712297,1,0,0,0,0,1
T3_CG24.bre.gd,T3_CG24,735168620,6047587,735790007,6052562,732009066,6023507,5,2,3,0,0,0,0,0,0,0,3773875,3711974,0,1,0,0,0,1
T3_CG25.bre.gd,T3_CG25,762085764,6419203,762733410,6424484,757051592,6378845,4,2,2,0,0,0,0,0,0,0,3773875,3712090,0,0,0,0,0,2
T3_CG26.bre.gd,T3_CG26,1840957945,15806348,1841371382,15809720,1831953350,15734587,6,3,3,0,0,0,0,0,0,0,3773875,3712007,0,2,0,0,0,1
T3_CG27.bre.gd,T3_CG27,944195259,7620636,945035870,7627360,939385667,7584072,3,1,2,0,0,0,0,0,0,0,3773875,3712096,0,0,0,0,0,1
T3_CG28.bre.gd,T3_CG28,333483278,2721519,333740318,2723612,331110695,2702809,4,1,3,0,0,0,0,0,0,0,3773875,3710272,0,0,0,0,0,1
T3_CG29.bre.gd,T3_CG29,340755085,2758381,341037766,2760646,337255988,2730284,7,2,5,0,0,0,0,0,0,0,3773875,3709869,0,0,0,0,0,2
T3_CG31.bre.gd,T3_CG31,544876007,4513787,545305079,4517262,540563373,4479531,4,1,3,0,0,0,0,0,0,0,3773875,3711323,0,0,0,0,0,1
T3_CG32.bre.gd,T3_CG32,862927663,7107729,863573732,7112952,849257505,6998142,4,1,3,0,0,0,0,0,0,0,3773875,3712109,0,0,0,0,0,1
T3_CG33.bre.gd,T3_CG33,255759974,2084393,255925693,2085728,254227574,2072426,4,2,2,0,0,0,0,0,0,0,3773875,3708297,0,0,0,0,0,2
T3_CG34.bre.gd,T3_CG34,1598212087,12950480,1599731248,12962672,1581117230,12814164,10,7,3,0,0,0,0,0,0,0,3773875,3712527,1,5,0,0,0,1
T3_CG35.bre.gd,T3_CG35,607577715,5028097,608095556,5032318,601493262,4978900,7,5,2,0,0,0,0,0,0,0,3773875,3711705,0,3,1,0,0,1
T3_CG36.bre.gd,T3_CG36,557634649,4617477,558126139,4621412,552800887,4578504,5,3,2,0,0,0,0,0,0,0,3773875,3711501,1,1,0,0,0,1
T3_CG37.bre.gd,T3_CG37,308896173,2536971,309153889,2539056,305884901,2512991,5,1,4,0,0,0,0,0,0,0,3773875,3709899,0,0,0,0,0,1
T3_CG38.bre.gd,T3_CG38,577357074,4820865,577773522,4824238,572223058,4778824,6,2,4,0,0,0,0,0,0,0,3773875,3711394,0,0,0,0,0,2
T3_CG39.bre.gd,T3_CG39,530271247,4349132,530676558,4352432,525282408,4309254,4,1,3,0,0,0,0,0,0,0,3773875,3711377,0,0,0,0,0,1
T3_CG40.bre.gd,T3_CG40,255434866,2099745,255631487,2101318,253603020,2085167,3,1,2,0,0,0,0,0,0,0,3773875,3708183,0,0,0,0,0,1
T3_CG41.bre.gd,T3_CG41,1072561098,8865380,1073947306,8876814,1066346071,8816845,5,2,3,0,0,0,0,0,0,0,3773875,3712247,1,0,0,0,0,1
T3_CG42.bre.gd,T3_CG42,394938779,3216033,395222457,3218314,392532667,3197306,3,1,2,0,0,0,0,0,0,0,3773875,3709736,0,0,0,0,0,1
T3_CG43.bre.gd,T3_CG43,645371805,5386122,645898173,5390422,640810411,5349856,4,1,3,0,0,0,0,0,0,0,3773875,3711867,0,0,0,0,0,1
T3_CG44.bre.gd,T3_CG44,57760286,481678,57866208,482584,55342801,461607,3,1,2,0,0,0,0,0,0,0,3773875,3485783,0,0,0,0,0,1
T3_CG45.bre.gd,T3_CG45,256020052,2082651,256224170,2084282,253176229,2060054,3,1,2,0,0,0,0,0,0,0,3773875,3707811,0,0,0,0,0,1
T3_CG46.bre.gd,T3_CG46,413158026,3417450,413501279,3420244,410569074,3397240,4,1,3,0,0,0,0,0,0,0,3773875,3710914,0,0,0,0,0,1
T3_CG47.bre.gd,T3_CG47,469101832,3863605,469463378,3866546,465131150,3832287,4,2,2,0,0,0,0,0,0,0,3773875,3711185,0,1,0,0,0,1
T3_CG48.bre.gd,T3_CG48,1060699611,8809632,1061572661,8816682,1054736311,8762813,4,1,3,0,0,0,0,0,0,0,3773875,3712290,0,0,0,0,0,1
T3_WG03.bre.gd,T3_WG03,503491023,4144392,503842579,4147232,499708461,4114503,5,2,3,0,0,0,0,0,0,0,3773875,3711496,0,0,0,0,0,2
T3_WG04.bre.gd,T3_WG04,430195804,3540475,430553055,3543362,426482892,3510689,6,1,5,0,0,0,0,0,0,0,3773875,3710703,0,0,0,0,0,1
T3_WG05.bre.gd,T3_WG05,395734597,3209717,396075982,3212452,392667080,3185827,7,3,4,0,0,0,0,0,0,0,3773875,3710896,0,2,0,0,0,1
T3_WG06.bre.gd,T3_WG06,1242637087,10123667,1243816292,10133156,1236784828,10079134,5,1,4,0,0,0,0,0,0,0,3773875,3712360,0,0,0,0,0,1
T3_WG07.bre.gd,T3_WG07,594240261,4918447,594779745,4922790,590404745,4888384,9,5,4,0,0,0,0,0,0,0,3773875,3711585,0,3,0,0,0,2
T3_WG09.bre.gd,T3_WG09,959178002,7863305,960150995,7871186,952826580,7813706,9,5,4,0,0,0,0,0,0,0,3773875,3712287,0,3,0,0,0,2
T3_WG10.bre.gd,T3_WG10,212812077,1711296,213021301,1712974,210594876,1693859,3,1,2,0,0,0,0,0,0,0,3773875,3704299,0,0,0,0,0,1
T3_WG11.bre.gd,T3_WG11,2725167897,22220121,2727722343,22240646,2714450245,22139867,4,1,3,0,0,0,0,0,0,0,3773875,3712648,0,0,0,0,0,1
T3_WG12.bre.gd,T3_WG12,148879323,1200634,148998726,1201614,146305461,1180117,6,3,3,0,0,0,0,0,0,0,3773875,3694892,0,2,0,0,0,1
T3_WG13.bre.gd,T3_WG13,851242076,6980399,852460240,6990492,744688569,6113487,5,2,3,0,0,0,0,0,0,0,3773875,3712032,0,1,0,0,0,1
T3_WG14.bre.gd,T3_WG14,244891906,2051722,245066438,2053132,212505502,1782418,4,2,2,0,0,0,0,0,0,0,3773875,3706648,0,1,0,0,0,1
T3_WG15.bre.gd,T3_WG15,842950152,7055068,843653292,7060750,730303101,6118096,6,3,3,0,0,0,0,0,0,0,3773875,3711942,0,2,0,0,0,1
T3_WG16.bre.gd,T3_WG16,937998368,7719987,938670034,7725416,805633145,6636778,4,2,2,0,0,0,0,0,0,0,3773875,3712073,0,1,0,0,0,1
T3_WG19.bre.gd,T3_WG19,1462978464,12046107,1464241221,12056242,1450549814,11947505,7,3,4,0,0,0,0,0,0,0,3773875,3712466,0,2,0,0,0,1
T3_WG20.bre.gd,T3_WG20,1313447977,10810073,1314590571,10819316,1304652494,10741069,5,2,3,0,0,0,0,0,0,0,3773875,3712427,0,1,0,0,0,1
T3_WG22.bre.gd,T3_WG22,232155614,1903248,232275083,1904204,230971557,1894018,4,1,3,0,0,0,0,0,0,0,3773875,3695610,0,0,0,0,0,1
T3_WG24.bre.gd,T3_WG24,242157279,1976699,242298605,1977838,126928544,1046651,5,2,3,0,0,0,0,0,0,0,3773875,3686789,0,0,0,0,0,2
T3_WG25.bre.gd,T3_WG25,685706407,5736628,686183835,5740474,681575909,5704261,4,1,3,0,0,0,0,0,0,0,3773875,3711910,0,0,0,0,0,1
T3_WG27.bre.gd,T3_WG27,1272391733,10537635,1273840901,10549598,1186938817,9842674,19,13,6,0,0,0,0,0,0,0,3773875,3712533,0,0,0,12,0,1
T3_WG29.bre.gd,T3_WG29,656584968,5340643,657128724,5344996,640552173,5212989,6,3,3,0,0,0,0,0,0,0,3773875,3711665,1,1,0,0,0,1
T3_WG31.bre.gd,T3_WG31,3877810159,32362057,3882857840,32403898,3759729991,31385355,8,4,4,0,0,0,0,0,0,0,3773875,3712734,1,2,0,0,0,1
T3_WG33.bre.gd,T3_WG33,88975095,755586,89029271,756030,85890794,729676,3,1,2,0,0,0,0,0,0,0,3773875,3663394,0,0,0,0,0,1
T3_WG34.bre.gd,T3_WG34,705956552,5854905,706780499,5861694,703025990,5832609,4,2,2,0,0,0,0,0,0,0,3773875,3711903,0,1,0,0,0,1
T3_WG36.bre.gd,T3_WG36,371297127,3082805,371622717,3085438,368620036,3061576,3,1,2,0,0,0,0,0,0,0,3773875,3710582,0,0,0,0,0,1
T3_WG37.bre.gd,T3_WG37,939419518,7766814,940098535,7772304,934821108,7731399,7,4,3,0,0,0,0,0,0,0,3773875,3712065,0,2,0,0,0,2
T3_WG40.bre.gd,T3_WG40,975909392,8063943,976712432,8070436,970852851,8024708,7,3,4,0,0,0,0,0,0,0,3773875,3712193,0,1,0,0,0,2
T3_WG41.bre.gd,T3_WG41,350527317,2884483,350787060,2886580,347798627,2863311,7,4,2,1,0,0,0,0,0,0,3773875,3710199,1,1,0,0,0,2
T3_WG43.bre.gd,T3_WG43,388084644,3141085,388403192,3143624,385829402,3123690,5,1,4,0,0,0,0,0,0,0,3773875,3710308,0,0,0,0,0,1
T3_WG44.bre.gd,T3_WG44,777766733,6463132,778434205,6468604,774453890,6437967,5,1,4,0,0,0,0,0,0,0,3773875,3711965,0,0,0,0,0,1
T3_WG45.bre.gd,T3_WG45,522505093,4298821,522962054,4302514,518767571,4269398,5,2,3,0,0,0,0,0,0,0,3773875,3711543,1,0,0,0,0,1
T3_WG46.bre.gd,T3_WG46,420168541,3435012,420506704,3437748,416774652,3408077,5,2,3,0,0,0,0,0,0,0,3773875,3710998,1,0,0,0,0,1
T3_WG47.bre.gd,T3_WG47,1113488684,9111975,1114412869,9119418,1108395506,9073016,3,1,2,0,0,0,0,0,0,0,3773875,3712293,0,0,0,0,0,1
T3_WG48.bre.gd,T3_WG48,828547498,6885196,829300987,6891332,824546020,6854393,7,3,4,0,0,0,0,0,0,0,3773875,3712052,1,0,0,0,0,2
